fonte,data,id,identifier,generation_id,is_legendary,is_mythical,nome_en,nome_ja
PokeAPI,2026-10-09,1,bulbasaur,1,0,0,Bulbasaur,フシギダネ
PokeAPI,2026-10-09,2,ivysaur,1,0,0,Ivysaur,フシギソウ
PokeAPI,2026-10-09,3,venusaur,1,0,0,Venusaur,フシギバナ
PokeAPI,2026-10-09,4,charmander,1,0,0,Charmander,ヒトカゲ
PokeAPI,2026-10-09,5,charmeleon,1,0,0,Charmeleon,リザード
PokeAPI,2026-10-09,6,charizard,1,0,0,Charizard,リザードン
PokeAPI,2026-10-09,7,squirtle,1,0,0,Squirtle,ゼニガメ
PokeAPI,2026-10-09,8,wartortle,1,0,0,Wartortle,カメール
PokeAPI,2026-10-09,9,blastoise,1,0,0,Blastoise,カメックス
PokeAPI,2026-10-09,10,caterpie,1,0,0,Caterpie,キャタピー
PokeAPI,2026-10-09,11,metapod,1,0,0,Metapod,トランセル
PokeAPI,2026-10-09,12,butterfree,1,0,0,Butterfree,バタフリー
PokeAPI,2026-10-09,13,weedle,1,0,0,Weedle,ビードル
PokeAPI,2026-10-09,14,kakuna,1,0,0,Kakuna,コクーン
PokeAPI,2026-10-09,15,beedrill,1,0,0,Beedrill,スピアー
PokeAPI,2026-10-09,16,pidgey,1,0,0,Pidgey,ポッポ
PokeAPI,2026-10-09,17,pidgeotto,1,0,0,Pidgeotto,ピジョン
PokeAPI,2026-10-09,18,pidgeot,1,0,0,Pidgeot,ピジョット
PokeAPI,2026-10-09,19,rattata,1,0,0,Rattata,コラッタ
PokeAPI,2026-10-09,20,raticate,1,0,0,Raticate,ラッタ
PokeAPI,2026-10-09,21,spearow,1,0,0,Spearow,オニスズメ
PokeAPI,2026-10-09,22,fearow,1,0,0,Fearow,オニドリル
PokeAPI,2026-10-09,23,ekans,1,0,0,Ekans,アーボ
PokeAPI,2026-10-09,24,arbok,1,0,0,Arbok,アーボック
PokeAPI,2026-10-09,25,pikachu,1,0,0,Pikachu,ピカチュウ
PokeAPI,2026-10-09,26,raichu,1,0,0,Raichu,ライチュウ
PokeAPI,2026-10-09,27,sandshrew,1,0,0,Sandshrew,サンド
PokeAPI,2026-10-09,28,sandslash,1,0,0,Sandslash,サンドパン
PokeAPI,2026-10-09,29,nidoran-f,1,0,0,Nidoran♀,ニドラン♀
PokeAPI,2026-10-09,30,nidorina,1,0,0,Nidorina,ニドリーナ
PokeAPI,2026-10-09,31,nidoqueen,1,0,0,Nidoqueen,ニドクイン
PokeAPI,2026-10-09,32,nidoran-m,1,0,0,Nidoran♂,ニドラン♂
PokeAPI,2026-10-09,33,nidorino,1,0,0,Nidorino,ニドリーノ
PokeAPI,2026-10-09,34,nidoking,1,0,0,Nidoking,ニドキング
PokeAPI,2026-10-09,35,clefairy,1,0,0,Clefairy,ピッピ
PokeAPI,2026-10-09,36,clefable,1,0,0,Clefable,ピクシー
PokeAPI,2026-10-09,37,vulpix,1,0,0,Vulpix,ロコン
PokeAPI,2026-10-09,38,ninetales,1,0,0,Ninetales,キュウコン
PokeAPI,2026-10-09,39,jigglypuff,1,0,0,Jigglypuff,プリン
PokeAPI,2026-10-09,40,wigglytuff,1,0,0,Wigglytuff,プクリン
PokeAPI,2026-10-09,41,zubat,1,0,0,Zubat,ズバット
PokeAPI,2026-10-09,42,golbat,1,0,0,Golbat,ゴルバット
PokeAPI,2026-10-09,43,oddish,1,0,0,Oddish,ナゾノクサ
PokeAPI,2026-10-09,44,gloom,1,0,0,Gloom,クサイハナ
PokeAPI,2026-10-09,45,vileplume,1,0,0,Vileplume,ラフレシア
PokeAPI,2026-10-09,46,paras,1,0,0,Paras,パラス
PokeAPI,2026-10-09,47,parasect,1,0,0,Parasect,パラセクト
PokeAPI,2026-10-09,48,venonat,1,0,0,Venonat,コンパン
PokeAPI,2026-10-09,49,venomoth,1,0,0,Venomoth,モルフォン
PokeAPI,2026-10-09,50,diglett,1,0,0,Diglett,ディグダ
PokeAPI,2026-10-09,51,dugtrio,1,0,0,Dugtrio,ダグトリオ
PokeAPI,2026-10-09,52,meowth,1,0,0,Meowth,ニャース
PokeAPI,2026-10-09,53,persian,1,0,0,Persian,ペルシアン
PokeAPI,2026-10-09,54,psyduck,1,0,0,Psyduck,コダック
PokeAPI,2026-10-09,55,golduck,1,0,0,Golduck,ゴルダック
PokeAPI,2026-10-09,56,mankey,1,0,0,Mankey,マンキー
PokeAPI,2026-10-09,57,primeape,1,0,0,Primeape,オコリザル
PokeAPI,2026-10-09,58,growlithe,1,0,0,Growlithe,ガーディ
PokeAPI,2026-10-09,59,arcanine,1,0,0,Arcanine,ウインディ
PokeAPI,2026-10-09,60,poliwag,1,0,0,Poliwag,ニョロモ
PokeAPI,2026-10-09,61,poliwhirl,1,0,0,Poliwhirl,ニョロゾ
PokeAPI,2026-10-09,62,poliwrath,1,0,0,Poliwrath,ニョロボン
PokeAPI,2026-10-09,63,abra,1,0,0,Abra,ケーシィ
PokeAPI,2026-10-09,64,kadabra,1,0,0,Kadabra,ユンゲラー
PokeAPI,2026-10-09,65,alakazam,1,0,0,Alakazam,フーディン
PokeAPI,2026-10-09,66,machop,1,0,0,Machop,ワンリキー
PokeAPI,2026-10-09,67,machoke,1,0,0,Machoke,ゴーリキー
PokeAPI,2026-10-09,68,machamp,1,0,0,Machamp,カイリキー
PokeAPI,2026-10-09,69,bellsprout,1,0,0,Bellsprout,マダツボミ
PokeAPI,2026-10-09,70,weepinbell,1,0,0,Weepinbell,ウツドン
PokeAPI,2026-10-09,71,victreebel,1,0,0,Victreebel,ウツボット
PokeAPI,2026-10-09,72,tentacool,1,0,0,Tentacool,メノクラゲ
PokeAPI,2026-10-09,73,tentacruel,1,0,0,Tentacruel,ドククラゲ
PokeAPI,2026-10-09,74,geodude,1,0,0,Geodude,イシツブテ
PokeAPI,2026-10-09,75,graveler,1,0,0,Graveler,ゴローン
PokeAPI,2026-10-09,76,golem,1,0,0,Golem,ゴローニャ
PokeAPI,2026-10-09,77,ponyta,1,0,0,Ponyta,ポニータ
PokeAPI,2026-10-09,78,rapidash,1,0,0,Rapidash,ギャロップ
PokeAPI,2026-10-09,79,slowpoke,1,0,0,Slowpoke,ヤドン
PokeAPI,2026-10-09,80,slowbro,1,0,0,Slowbro,ヤドラン
PokeAPI,2026-10-09,81,magnemite,1,0,0,Magnemite,コイル
PokeAPI,2026-10-09,82,magneton,1,0,0,Magneton,レアコイル
PokeAPI,2026-10-09,83,farfetchd,1,0,0,Farfetch’d,カモネギ
PokeAPI,2026-10-09,84,doduo,1,0,0,Doduo,ドードー
PokeAPI,2026-10-09,85,dodrio,1,0,0,Dodrio,ドードリオ
PokeAPI,2026-10-09,86,seel,1,0,0,Seel,パウワウ
PokeAPI,2026-10-09,87,dewgong,1,0,0,Dewgong,ジュゴン
PokeAPI,2026-10-09,88,grimer,1,0,0,Grimer,ベトベター
PokeAPI,2026-10-09,89,muk,1,0,0,Muk,ベトベトン
PokeAPI,2026-10-09,90,shellder,1,0,0,Shellder,シェルダー
PokeAPI,2026-10-09,91,cloyster,1,0,0,Cloyster,パルシェン
PokeAPI,2026-10-09,92,gastly,1,0,0,Gastly,ゴース
PokeAPI,2026-10-09,93,haunter,1,0,0,Haunter,ゴースト
PokeAPI,2026-10-09,94,gengar,1,0,0,Gengar,ゲンガー
PokeAPI,2026-10-09,95,onix,1,0,0,Onix,イワーク
PokeAPI,2026-10-09,96,drowzee,1,0,0,Drowzee,スリープ
PokeAPI,2026-10-09,97,hypno,1,0,0,Hypno,スリーパー
PokeAPI,2026-10-09,98,krabby,1,0,0,Krabby,クラブ
PokeAPI,2026-10-09,99,kingler,1,0,0,Kingler,キングラー
PokeAPI,2026-10-09,100,voltorb,1,0,0,Voltorb,ビリリダマ
PokeAPI,2026-10-09,101,electrode,1,0,0,Electrode,マルマイン
PokeAPI,2026-10-09,102,exeggcute,1,0,0,Exeggcute,タマタマ
PokeAPI,2026-10-09,103,exeggutor,1,0,0,Exeggutor,ナッシー
PokeAPI,2026-10-09,104,cubone,1,0,0,Cubone,カラカラ
PokeAPI,2026-10-09,105,marowak,1,0,0,Marowak,ガラガラ
PokeAPI,2026-10-09,106,hitmonlee,1,0,0,Hitmonlee,サワムラー
PokeAPI,2026-10-09,107,hitmonchan,1,0,0,Hitmonchan,エビワラー
PokeAPI,2026-10-09,108,lickitung,1,0,0,Lickitung,ベロリンガ
PokeAPI,2026-10-09,109,koffing,1,0,0,Koffing,ドガース
PokeAPI,2026-10-09,110,weezing,1,0,0,Weezing,マタドガス
PokeAPI,2026-10-09,111,rhyhorn,1,0,0,Rhyhorn,サイホーン
PokeAPI,2026-10-09,112,rhydon,1,0,0,Rhydon,サイドン
PokeAPI,2026-10-09,113,chansey,1,0,0,Chansey,ラッキー
PokeAPI,2026-10-09,114,tangela,1,0,0,Tangela,モンジャラ
PokeAPI,2026-10-09,115,kangaskhan,1,0,0,Kangaskhan,ガルーラ
PokeAPI,2026-10-09,116,horsea,1,0,0,Horsea,タッツー
PokeAPI,2026-10-09,117,seadra,1,0,0,Seadra,シードラ
PokeAPI,2026-10-09,118,goldeen,1,0,0,Goldeen,トサキント
PokeAPI,2026-10-09,119,seaking,1,0,0,Seaking,アズマオウ
PokeAPI,2026-10-09,120,staryu,1,0,0,Staryu,ヒトデマン
PokeAPI,2026-10-09,121,starmie,1,0,0,Starmie,スターミー
PokeAPI,2026-10-09,122,mr-mime,1,0,0,Mr. Mime,バリヤード
PokeAPI,2026-10-09,123,scyther,1,0,0,Scyther,ストライク
PokeAPI,2026-10-09,124,jynx,1,0,0,Jynx,ルージュラ
PokeAPI,2026-10-09,125,electabuzz,1,0,0,Electabuzz,エレブー
PokeAPI,2026-10-09,126,magmar,1,0,0,Magmar,ブーバー
PokeAPI,2026-10-09,127,pinsir,1,0,0,Pinsir,カイロス
PokeAPI,2026-10-09,128,tauros,1,0,0,Tauros,ケンタロス
PokeAPI,2026-10-09,129,magikarp,1,0,0,Magikarp,コイキング
PokeAPI,2026-10-09,130,gyarados,1,0,0,Gyarados,ギャラドス
PokeAPI,2026-10-09,131,lapras,1,0,0,Lapras,ラプラス
PokeAPI,2026-10-09,132,ditto,1,0,0,Ditto,メタモン
PokeAPI,2026-10-09,133,eevee,1,0,0,Eevee,イーブイ
PokeAPI,2026-10-09,134,vaporeon,1,0,0,Vaporeon,シャワーズ
PokeAPI,2026-10-09,135,jolteon,1,0,0,Jolteon,サンダース
PokeAPI,2026-10-09,136,flareon,1,0,0,Flareon,ブースター
PokeAPI,2026-10-09,137,porygon,1,0,0,Porygon,ポリゴン
PokeAPI,2026-10-09,138,omanyte,1,0,0,Omanyte,オムナイト
PokeAPI,2026-10-09,139,omastar,1,0,0,Omastar,オムスター
PokeAPI,2026-10-09,140,kabuto,1,0,0,Kabuto,カブト
PokeAPI,2026-10-09,141,kabutops,1,0,0,Kabutops,カブトプス
PokeAPI,2026-10-09,142,aerodactyl,1,0,0,Aerodactyl,プテラ
PokeAPI,2026-10-09,143,snorlax,1,0,0,Snorlax,カビゴン
PokeAPI,2026-10-09,144,articuno,1,1,0,Articuno,フリーザー
PokeAPI,2026-10-09,145,zapdos,1,1,0,Zapdos,サンダー
PokeAPI,2026-10-09,146,moltres,1,1,0,Moltres,ファイヤー
PokeAPI,2026-10-09,147,dratini,1,0,0,Dratini,ミニリュウ
PokeAPI,2026-10-09,148,dragonair,1,0,0,Dragonair,ハクリュー
PokeAPI,2026-10-09,149,dragonite,1,0,0,Dragonite,カイリュー
PokeAPI,2026-10-09,150,mewtwo,1,1,0,Mewtwo,ミュウツー
PokeAPI,2026-10-09,151,mew,1,0,1,Mew,ミュウ
PokeAPI,2026-10-09,152,chikorita,2,0,0,Chikorita,チコリータ
PokeAPI,2026-10-09,153,bayleef,2,0,0,Bayleef,ベイリーフ
PokeAPI,2026-10-09,154,meganium,2,0,0,Meganium,メガニウム
PokeAPI,2026-10-09,155,cyndaquil,2,0,0,Cyndaquil,ヒノアラシ
PokeAPI,2026-10-09,156,quilava,2,0,0,Quilava,マグマラシ
PokeAPI,2026-10-09,157,typhlosion,2,0,0,Typhlosion,バクフーン
PokeAPI,2026-10-09,158,totodile,2,0,0,Totodile,ワニノコ
PokeAPI,2026-10-09,159,croconaw,2,0,0,Croconaw,アリゲイツ
PokeAPI,2026-10-09,160,feraligatr,2,0,0,Feraligatr,オーダイル
PokeAPI,2026-10-09,161,sentret,2,0,0,Sentret,オタチ
PokeAPI,2026-10-09,162,furret,2,0,0,Furret,オオタチ
PokeAPI,2026-10-09,163,hoothoot,2,0,0,Hoothoot,ホーホー
PokeAPI,2026-10-09,164,noctowl,2,0,0,Noctowl,ヨルノズク
PokeAPI,2026-10-09,165,ledyba,2,0,0,Ledyba,レディバ
PokeAPI,2026-10-09,166,ledian,2,0,0,Ledian,レディアン
PokeAPI,2026-10-09,167,spinarak,2,0,0,Spinarak,イトマル
PokeAPI,2026-10-09,168,ariados,2,0,0,Ariados,アリアドス
PokeAPI,2026-10-09,169,crobat,2,0,0,Crobat,クロバット
PokeAPI,2026-10-09,170,chinchou,2,0,0,Chinchou,チョンチー
PokeAPI,2026-10-09,171,lanturn,2,0,0,Lanturn,ランターン
PokeAPI,2026-10-09,172,pichu,2,0,0,Pichu,ピチュー
PokeAPI,2026-10-09,173,cleffa,2,0,0,Cleffa,ピィ
PokeAPI,2026-10-09,174,igglybuff,2,0,0,Igglybuff,ププリン
PokeAPI,2026-10-09,175,togepi,2,0,0,Togepi,トゲピー
PokeAPI,2026-10-09,176,togetic,2,0,0,Togetic,トゲチック
PokeAPI,2026-10-09,177,natu,2,0,0,Natu,ネイティ
PokeAPI,2026-10-09,178,xatu,2,0,0,Xatu,ネイティオ
PokeAPI,2026-10-09,179,mareep,2,0,0,Mareep,メリープ
PokeAPI,2026-10-09,180,flaaffy,2,0,0,Flaaffy,モココ
PokeAPI,2026-10-09,181,ampharos,2,0,0,Ampharos,デンリュウ
PokeAPI,2026-10-09,182,bellossom,2,0,0,Bellossom,キレイハナ
PokeAPI,2026-10-09,183,marill,2,0,0,Marill,マリル
PokeAPI,2026-10-09,184,azumarill,2,0,0,Azumarill,マリルリ
PokeAPI,2026-10-09,185,sudowoodo,2,0,0,Sudowoodo,ウソッキー
PokeAPI,2026-10-09,186,politoed,2,0,0,Politoed,ニョロトノ
PokeAPI,2026-10-09,187,hoppip,2,0,0,Hoppip,ハネッコ
PokeAPI,2026-10-09,188,skiploom,2,0,0,Skiploom,ポポッコ
PokeAPI,2026-10-09,189,jumpluff,2,0,0,Jumpluff,ワタッコ
PokeAPI,2026-10-09,190,aipom,2,0,0,Aipom,エイパム
PokeAPI,2026-10-09,191,sunkern,2,0,0,Sunkern,ヒマナッツ
PokeAPI,2026-10-09,192,sunflora,2,0,0,Sunflora,キマワリ
PokeAPI,2026-10-09,193,yanma,2,0,0,Yanma,ヤンヤンマ
PokeAPI,2026-10-09,194,wooper,2,0,0,Wooper,ウパー
PokeAPI,2026-10-09,195,quagsire,2,0,0,Quagsire,ヌオー
PokeAPI,2026-10-09,196,espeon,2,0,0,Espeon,エーフィ
PokeAPI,2026-10-09,197,umbreon,2,0,0,Umbreon,ブラッキー
PokeAPI,2026-10-09,198,murkrow,2,0,0,Murkrow,ヤミカラス
PokeAPI,2026-10-09,199,slowking,2,0,0,Slowking,ヤドキング
PokeAPI,2026-10-09,200,misdreavus,2,0,0,Misdreavus,ムウマ
PokeAPI,2026-10-09,201,unown,2,0,0,Unown,アンノーン
PokeAPI,2026-10-09,202,wobbuffet,2,0,0,Wobbuffet,ソーナンス
PokeAPI,2026-10-09,203,girafarig,2,0,0,Girafarig,キリンリキ
PokeAPI,2026-10-09,204,pineco,2,0,0,Pineco,クヌギダマ
PokeAPI,2026-10-09,205,forretress,2,0,0,Forretress,フォレトス
PokeAPI,2026-10-09,206,dunsparce,2,0,0,Dunsparce,ノコッチ
PokeAPI,2026-10-09,207,gligar,2,0,0,Gligar,グライガー
PokeAPI,2026-10-09,208,steelix,2,0,0,Steelix,ハガネール
PokeAPI,2026-10-09,209,snubbull,2,0,0,Snubbull,ブルー
PokeAPI,2026-10-09,210,granbull,2,0,0,Granbull,グランブル
PokeAPI,2026-10-09,211,qwilfish,2,0,0,Qwilfish,ハリーセン
PokeAPI,2026-10-09,212,scizor,2,0,0,Scizor,ハッサム
PokeAPI,2026-10-09,213,shuckle,2,0,0,Shuckle,ツボツボ
PokeAPI,2026-10-09,214,heracross,2,0,0,Heracross,ヘラクロス
PokeAPI,2026-10-09,215,sneasel,2,0,0,Sneasel,ニューラ
PokeAPI,2026-10-09,216,teddiursa,2,0,0,Teddiursa,ヒメグマ
PokeAPI,2026-10-09,217,ursaring,2,0,0,Ursaring,リングマ
PokeAPI,2026-10-09,218,slugma,2,0,0,Slugma,マグマッグ
PokeAPI,2026-10-09,219,magcargo,2,0,0,Magcargo,マグカルゴ
PokeAPI,2026-10-09,220,swinub,2,0,0,Swinub,ウリムー
PokeAPI,2026-10-09,221,piloswine,2,0,0,Piloswine,イノムー
PokeAPI,2026-10-09,222,corsola,2,0,0,Corsola,サニーゴ
PokeAPI,2026-10-09,223,remoraid,2,0,0,Remoraid,テッポウオ
PokeAPI,2026-10-09,224,octillery,2,0,0,Octillery,オクタン
PokeAPI,2026-10-09,225,delibird,2,0,0,Delibird,デリバード
PokeAPI,2026-10-09,226,mantine,2,0,0,Mantine,マンタイン
PokeAPI,2026-10-09,227,skarmory,2,0,0,Skarmory,エアームド
PokeAPI,2026-10-09,228,houndour,2,0,0,Houndour,デルビル
PokeAPI,2026-10-09,229,houndoom,2,0,0,Houndoom,ヘルガー
PokeAPI,2026-10-09,230,kingdra,2,0,0,Kingdra,キングドラ
PokeAPI,2026-10-09,231,phanpy,2,0,0,Phanpy,ゴマゾウ
PokeAPI,2026-10-09,232,donphan,2,0,0,Donphan,ドンファン
PokeAPI,2026-10-09,233,porygon2,2,0,0,Porygon2,ポリゴン２
PokeAPI,2026-10-09,234,stantler,2,0,0,Stantler,オドシシ
PokeAPI,2026-10-09,235,smeargle,2,0,0,Smeargle,ドーブル
PokeAPI,2026-10-09,236,tyrogue,2,0,0,Tyrogue,バルキー
PokeAPI,2026-10-09,237,hitmontop,2,0,0,Hitmontop,カポエラー
PokeAPI,2026-10-09,238,smoochum,2,0,0,Smoochum,ムチュール
PokeAPI,2026-10-09,239,elekid,2,0,0,Elekid,エレキッド
PokeAPI,2026-10-09,240,magby,2,0,0,Magby,ブビィ
PokeAPI,2026-10-09,241,miltank,2,0,0,Miltank,ミルタンク
PokeAPI,2026-10-09,242,blissey,2,0,0,Blissey,ハピナス
PokeAPI,2026-10-09,243,raikou,2,1,0,Raikou,ライコウ
PokeAPI,2026-10-09,244,entei,2,1,0,Entei,エンテイ
PokeAPI,2026-10-09,245,suicune,2,1,0,Suicune,スイクン
PokeAPI,2026-10-09,246,larvitar,2,0,0,Larvitar,ヨーギラス
PokeAPI,2026-10-09,247,pupitar,2,0,0,Pupitar,サナギラス
PokeAPI,2026-10-09,248,tyranitar,2,0,0,Tyranitar,バンギラス
PokeAPI,2026-10-09,249,lugia,2,1,0,Lugia,ルギア
PokeAPI,2026-10-09,250,ho-oh,2,1,0,Ho-Oh,ホウオウ
PokeAPI,2026-10-09,251,celebi,2,0,1,Celebi,セレビィ
PokeAPI,2026-10-09,252,treecko,3,0,0,Treecko,キモリ
PokeAPI,2026-10-09,253,grovyle,3,0,0,Grovyle,ジュプトル
PokeAPI,2026-10-09,254,sceptile,3,0,0,Sceptile,ジュカイン
PokeAPI,2026-10-09,255,torchic,3,0,0,Torchic,アチャモ
PokeAPI,2026-10-09,256,combusken,3,0,0,Combusken,ワカシャモ
PokeAPI,2026-10-09,257,blaziken,3,0,0,Blaziken,バシャーモ
PokeAPI,2026-10-09,258,mudkip,3,0,0,Mudkip,ミズゴロウ
PokeAPI,2026-10-09,259,marshtomp,3,0,0,Marshtomp,ヌマクロー
PokeAPI,2026-10-09,260,swampert,3,0,0,Swampert,ラグラージ
PokeAPI,2026-10-09,261,poochyena,3,0,0,Poochyena,ポチエナ
PokeAPI,2026-10-09,262,mightyena,3,0,0,Mightyena,グラエナ
PokeAPI,2026-10-09,263,zigzagoon,3,0,0,Zigzagoon,ジグザグマ
PokeAPI,2026-10-09,264,linoone,3,0,0,Linoone,マッスグマ
PokeAPI,2026-10-09,265,wurmple,3,0,0,Wurmple,ケムッソ
PokeAPI,2026-10-09,266,silcoon,3,0,0,Silcoon,カラサリス
PokeAPI,2026-10-09,267,beautifly,3,0,0,Beautifly,アゲハント
PokeAPI,2026-10-09,268,cascoon,3,0,0,Cascoon,マユルド
PokeAPI,2026-10-09,269,dustox,3,0,0,Dustox,ドクケイル
PokeAPI,2026-10-09,270,lotad,3,0,0,Lotad,ハスボー
PokeAPI,2026-10-09,271,lombre,3,0,0,Lombre,ハスブレロ
PokeAPI,2026-10-09,272,ludicolo,3,0,0,Ludicolo,ルンパッパ
PokeAPI,2026-10-09,273,seedot,3,0,0,Seedot,タネボー
PokeAPI,2026-10-09,274,nuzleaf,3,0,0,Nuzleaf,コノハナ
PokeAPI,2026-10-09,275,shiftry,3,0,0,Shiftry,ダーテング
PokeAPI,2026-10-09,276,taillow,3,0,0,Taillow,スバメ
PokeAPI,2026-10-09,277,swellow,3,0,0,Swellow,オオスバメ
PokeAPI,2026-10-09,278,wingull,3,0,0,Wingull,キャモメ
PokeAPI,2026-10-09,279,pelipper,3,0,0,Pelipper,ペリッパー
PokeAPI,2026-10-09,280,ralts,3,0,0,Ralts,ラルトス
PokeAPI,2026-10-09,281,kirlia,3,0,0,Kirlia,キルリア
PokeAPI,2026-10-09,282,gardevoir,3,0,0,Gardevoir,サーナイト
PokeAPI,2026-10-09,283,surskit,3,0,0,Surskit,アメタマ
PokeAPI,2026-10-09,284,masquerain,3,0,0,Masquerain,アメモース
PokeAPI,2026-10-09,285,shroomish,3,0,0,Shroomish,キノココ
PokeAPI,2026-10-09,286,breloom,3,0,0,Breloom,キノガッサ
PokeAPI,2026-10-09,287,slakoth,3,0,0,Slakoth,ナマケロ
PokeAPI,2026-10-09,288,vigoroth,3,0,0,Vigoroth,ヤルキモノ
PokeAPI,2026-10-09,289,slaking,3,0,0,Slaking,ケッキング
PokeAPI,2026-10-09,290,nincada,3,0,0,Nincada,ツチニン
PokeAPI,2026-10-09,291,ninjask,3,0,0,Ninjask,テッカニン
PokeAPI,2026-10-09,292,shedinja,3,0,0,Shedinja,ヌケニン
PokeAPI,2026-10-09,293,whismur,3,0,0,Whismur,ゴニョニョ
PokeAPI,2026-10-09,294,loudred,3,0,0,Loudred,ドゴーム
PokeAPI,2026-10-09,295,exploud,3,0,0,Exploud,バクオング
PokeAPI,2026-10-09,296,makuhita,3,0,0,Makuhita,マクノシタ
PokeAPI,2026-10-09,297,hariyama,3,0,0,Hariyama,ハリテヤマ
PokeAPI,2026-10-09,298,azurill,3,0,0,Azurill,ルリリ
PokeAPI,2026-10-09,299,nosepass,3,0,0,Nosepass,ノズパス
PokeAPI,2026-10-09,300,skitty,3,0,0,Skitty,エネコ
PokeAPI,2026-10-09,301,delcatty,3,0,0,Delcatty,エネコロロ
PokeAPI,2026-10-09,302,sableye,3,0,0,Sableye,ヤミラミ
PokeAPI,2026-10-09,303,mawile,3,0,0,Mawile,クチート
PokeAPI,2026-10-09,304,aron,3,0,0,Aron,ココドラ
PokeAPI,2026-10-09,305,lairon,3,0,0,Lairon,コドラ
PokeAPI,2026-10-09,306,aggron,3,0,0,Aggron,ボスゴドラ
PokeAPI,2026-10-09,307,meditite,3,0,0,Meditite,アサナン
PokeAPI,2026-10-09,308,medicham,3,0,0,Medicham,チャーレム
PokeAPI,2026-10-09,309,electrike,3,0,0,Electrike,ラクライ
PokeAPI,2026-10-09,310,manectric,3,0,0,Manectric,ライボルト
PokeAPI,2026-10-09,311,plusle,3,0,0,Plusle,プラスル
PokeAPI,2026-10-09,312,minun,3,0,0,Minun,マイナン
PokeAPI,2026-10-09,313,volbeat,3,0,0,Volbeat,バルビート
PokeAPI,2026-10-09,314,illumise,3,0,0,Illumise,イルミーゼ
PokeAPI,2026-10-09,315,roselia,3,0,0,Roselia,ロゼリア
PokeAPI,2026-10-09,316,gulpin,3,0,0,Gulpin,ゴクリン
PokeAPI,2026-10-09,317,swalot,3,0,0,Swalot,マルノーム
PokeAPI,2026-10-09,318,carvanha,3,0,0,Carvanha,キバニア
PokeAPI,2026-10-09,319,sharpedo,3,0,0,Sharpedo,サメハダー
PokeAPI,2026-10-09,320,wailmer,3,0,0,Wailmer,ホエルコ
PokeAPI,2026-10-09,321,wailord,3,0,0,Wailord,ホエルオー
PokeAPI,2026-10-09,322,numel,3,0,0,Numel,ドンメル
PokeAPI,2026-10-09,323,camerupt,3,0,0,Camerupt,バクーダ
PokeAPI,2026-10-09,324,torkoal,3,0,0,Torkoal,コータス
PokeAPI,2026-10-09,325,spoink,3,0,0,Spoink,バネブー
PokeAPI,2026-10-09,326,grumpig,3,0,0,Grumpig,ブーピッグ
PokeAPI,2026-10-09,327,spinda,3,0,0,Spinda,パッチール
PokeAPI,2026-10-09,328,trapinch,3,0,0,Trapinch,ナックラー
PokeAPI,2026-10-09,329,vibrava,3,0,0,Vibrava,ビブラーバ
PokeAPI,2026-10-09,330,flygon,3,0,0,Flygon,フライゴン
PokeAPI,2026-10-09,331,cacnea,3,0,0,Cacnea,サボネア
PokeAPI,2026-10-09,332,cacturne,3,0,0,Cacturne,ノクタス
PokeAPI,2026-10-09,333,swablu,3,0,0,Swablu,チルット
PokeAPI,2026-10-09,334,altaria,3,0,0,Altaria,チルタリス
PokeAPI,2026-10-09,335,zangoose,3,0,0,Zangoose,ザングース
PokeAPI,2026-10-09,336,seviper,3,0,0,Seviper,ハブネーク
PokeAPI,2026-10-09,337,lunatone,3,0,0,Lunatone,ルナトーン
PokeAPI,2026-10-09,338,solrock,3,0,0,Solrock,ソルロック
PokeAPI,2026-10-09,339,barboach,3,0,0,Barboach,ドジョッチ
PokeAPI,2026-10-09,340,whiscash,3,0,0,Whiscash,ナマズン
PokeAPI,2026-10-09,341,corphish,3,0,0,Corphish,ヘイガニ
PokeAPI,2026-10-09,342,crawdaunt,3,0,0,Crawdaunt,シザリガー
PokeAPI,2026-10-09,343,baltoy,3,0,0,Baltoy,ヤジロン
PokeAPI,2026-10-09,344,claydol,3,0,0,Claydol,ネンドール
PokeAPI,2026-10-09,345,lileep,3,0,0,Lileep,リリーラ
PokeAPI,2026-10-09,346,cradily,3,0,0,Cradily,ユレイドル
PokeAPI,2026-10-09,347,anorith,3,0,0,Anorith,アノプス
PokeAPI,2026-10-09,348,armaldo,3,0,0,Armaldo,アーマルド
PokeAPI,2026-10-09,349,feebas,3,0,0,Feebas,ヒンバス
PokeAPI,2026-10-09,350,milotic,3,0,0,Milotic,ミロカロス
PokeAPI,2026-10-09,351,castform,3,0,0,Castform,ポワルン
PokeAPI,2026-10-09,352,kecleon,3,0,0,Kecleon,カクレオン
PokeAPI,2026-10-09,353,shuppet,3,0,0,Shuppet,カゲボウズ
PokeAPI,2026-10-09,354,banette,3,0,0,Banette,ジュペッタ
PokeAPI,2026-10-09,355,duskull,3,0,0,Duskull,ヨマワル
PokeAPI,2026-10-09,356,dusclops,3,0,0,Dusclops,サマヨール
PokeAPI,2026-10-09,357,tropius,3,0,0,Tropius,トロピウス
PokeAPI,2026-10-09,358,chimecho,3,0,0,Chimecho,チリーン
PokeAPI,2026-10-09,359,absol,3,0,0,Absol,アブソル
PokeAPI,2026-10-09,360,wynaut,3,0,0,Wynaut,ソーナノ
PokeAPI,2026-10-09,361,snorunt,3,0,0,Snorunt,ユキワラシ
PokeAPI,2026-10-09,362,glalie,3,0,0,Glalie,オニゴーリ
PokeAPI,2026-10-09,363,spheal,3,0,0,Spheal,タマザラシ
PokeAPI,2026-10-09,364,sealeo,3,0,0,Sealeo,トドグラー
PokeAPI,2026-10-09,365,walrein,3,0,0,Walrein,トドゼルガ
PokeAPI,2026-10-09,366,clamperl,3,0,0,Clamperl,パールル
PokeAPI,2026-10-09,367,huntail,3,0,0,Huntail,ハンテール
PokeAPI,2026-10-09,368,gorebyss,3,0,0,Gorebyss,サクラビス
PokeAPI,2026-10-09,369,relicanth,3,0,0,Relicanth,ジーランス
PokeAPI,2026-10-09,370,luvdisc,3,0,0,Luvdisc,ラブカス
PokeAPI,2026-10-09,371,bagon,3,0,0,Bagon,タツベイ
PokeAPI,2026-10-09,372,shelgon,3,0,0,Shelgon,コモルー
PokeAPI,2026-10-09,373,salamence,3,0,0,Salamence,ボーマンダ
PokeAPI,2026-10-09,374,beldum,3,0,0,Beldum,ダンバル
PokeAPI,2026-10-09,375,metang,3,0,0,Metang,メタング
PokeAPI,2026-10-09,376,metagross,3,0,0,Metagross,メタグロス
PokeAPI,2026-10-09,377,regirock,3,1,0,Regirock,レジロック
PokeAPI,2026-10-09,378,regice,3,1,0,Regice,レジアイス
PokeAPI,2026-10-09,379,registeel,3,1,0,Registeel,レジスチル
PokeAPI,2026-10-09,380,latias,3,1,0,Latias,ラティアス
PokeAPI,2026-10-09,381,latios,3,1,0,Latios,ラティオス
PokeAPI,2026-10-09,382,kyogre,3,1,0,Kyogre,カイオーガ
PokeAPI,2026-10-09,383,groudon,3,1,0,Groudon,グラードン
PokeAPI,2026-10-09,384,rayquaza,3,1,0,Rayquaza,レックウザ
PokeAPI,2026-10-09,385,jirachi,3,0,1,Jirachi,ジラーチ
PokeAPI,2026-10-09,386,deoxys,3,0,1,Deoxys,デオキシス
PokeAPI,2026-10-09,387,turtwig,4,0,0,Turtwig,ナエトル
PokeAPI,2026-10-09,388,grotle,4,0,0,Grotle,ハヤシガメ
PokeAPI,2026-10-09,389,torterra,4,0,0,Torterra,ドダイトス
PokeAPI,2026-10-09,390,chimchar,4,0,0,Chimchar,ヒコザル
PokeAPI,2026-10-09,391,monferno,4,0,0,Monferno,モウカザル
PokeAPI,2026-10-09,392,infernape,4,0,0,Infernape,ゴウカザル
PokeAPI,2026-10-09,393,piplup,4,0,0,Piplup,ポッチャマ
PokeAPI,2026-10-09,394,prinplup,4,0,0,Prinplup,ポッタイシ
PokeAPI,2026-10-09,395,empoleon,4,0,0,Empoleon,エンペルト
PokeAPI,2026-10-09,396,starly,4,0,0,Starly,ムックル
PokeAPI,2026-10-09,397,staravia,4,0,0,Staravia,ムクバード
PokeAPI,2026-10-09,398,staraptor,4,0,0,Staraptor,ムクホーク
PokeAPI,2026-10-09,399,bidoof,4,0,0,Bidoof,ビッパ
PokeAPI,2026-10-09,400,bibarel,4,0,0,Bibarel,ビーダル
PokeAPI,2026-10-09,401,kricketot,4,0,0,Kricketot,コロボーシ
PokeAPI,2026-10-09,402,kricketune,4,0,0,Kricketune,コロトック
PokeAPI,2026-10-09,403,shinx,4,0,0,Shinx,コリンク
PokeAPI,2026-10-09,404,luxio,4,0,0,Luxio,ルクシオ
PokeAPI,2026-10-09,405,luxray,4,0,0,Luxray,レントラー
PokeAPI,2026-10-09,406,budew,4,0,0,Budew,スボミー
PokeAPI,2026-10-09,407,roserade,4,0,0,Roserade,ロズレイド
PokeAPI,2026-10-09,408,cranidos,4,0,0,Cranidos,ズガイドス
PokeAPI,2026-10-09,409,rampardos,4,0,0,Rampardos,ラムパルド
PokeAPI,2026-10-09,410,shieldon,4,0,0,Shieldon,タテトプス
PokeAPI,2026-10-09,411,bastiodon,4,0,0,Bastiodon,トリデプス
PokeAPI,2026-10-09,412,burmy,4,0,0,Burmy,ミノムッチ
PokeAPI,2026-10-09,413,wormadam,4,0,0,Wormadam,ミノマダム
PokeAPI,2026-10-09,414,mothim,4,0,0,Mothim,ガーメイル
PokeAPI,2026-10-09,415,combee,4,0,0,Combee,ミツハニー
PokeAPI,2026-10-09,416,vespiquen,4,0,0,Vespiquen,ビークイン
PokeAPI,2026-10-09,417,pachirisu,4,0,0,Pachirisu,パチリス
PokeAPI,2026-10-09,418,buizel,4,0,0,Buizel,ブイゼル
PokeAPI,2026-10-09,419,floatzel,4,0,0,Floatzel,フローゼル
PokeAPI,2026-10-09,420,cherubi,4,0,0,Cherubi,チェリンボ
PokeAPI,2026-10-09,421,cherrim,4,0,0,Cherrim,チェリム
PokeAPI,2026-10-09,422,shellos,4,0,0,Shellos,カラナクシ
PokeAPI,2026-10-09,423,gastrodon,4,0,0,Gastrodon,トリトドン
PokeAPI,2026-10-09,424,ambipom,4,0,0,Ambipom,エテボース
PokeAPI,2026-10-09,425,drifloon,4,0,0,Drifloon,フワンテ
PokeAPI,2026-10-09,426,drifblim,4,0,0,Drifblim,フワライド
PokeAPI,2026-10-09,427,buneary,4,0,0,Buneary,ミミロル
PokeAPI,2026-10-09,428,lopunny,4,0,0,Lopunny,ミミロップ
PokeAPI,2026-10-09,429,mismagius,4,0,0,Mismagius,ムウマージ
PokeAPI,2026-10-09,430,honchkrow,4,0,0,Honchkrow,ドンカラス
PokeAPI,2026-10-09,431,glameow,4,0,0,Glameow,ニャルマー
PokeAPI,2026-10-09,432,purugly,4,0,0,Purugly,ブニャット
PokeAPI,2026-10-09,433,chingling,4,0,0,Chingling,リーシャン
PokeAPI,2026-10-09,434,stunky,4,0,0,Stunky,スカンプー
PokeAPI,2026-10-09,435,skuntank,4,0,0,Skuntank,スカタンク
PokeAPI,2026-10-09,436,bronzor,4,0,0,Bronzor,ドーミラー
PokeAPI,2026-10-09,437,bronzong,4,0,0,Bronzong,ドータクン
PokeAPI,2026-10-09,438,bonsly,4,0,0,Bonsly,ウソハチ
PokeAPI,2026-10-09,439,mime-jr,4,0,0,Mime Jr.,マネネ
PokeAPI,2026-10-09,440,happiny,4,0,0,Happiny,ピンプク
PokeAPI,2026-10-09,441,chatot,4,0,0,Chatot,ペラップ
PokeAPI,2026-10-09,442,spiritomb,4,0,0,Spiritomb,ミカルゲ
PokeAPI,2026-10-09,443,gible,4,0,0,Gible,フカマル
PokeAPI,2026-10-09,444,gabite,4,0,0,Gabite,ガバイト
PokeAPI,2026-10-09,445,garchomp,4,0,0,Garchomp,ガブリアス
PokeAPI,2026-10-09,446,munchlax,4,0,0,Munchlax,ゴンベ
PokeAPI,2026-10-09,447,riolu,4,0,0,Riolu,リオル
PokeAPI,2026-10-09,448,lucario,4,0,0,Lucario,ルカリオ
PokeAPI,2026-10-09,449,hippopotas,4,0,0,Hippopotas,ヒポポタス
PokeAPI,2026-10-09,450,hippowdon,4,0,0,Hippowdon,カバルドン
PokeAPI,2026-10-09,451,skorupi,4,0,0,Skorupi,スコルピ
PokeAPI,2026-10-09,452,drapion,4,0,0,Drapion,ドラピオン
PokeAPI,2026-10-09,453,croagunk,4,0,0,Croagunk,グレッグル
PokeAPI,2026-10-09,454,toxicroak,4,0,0,Toxicroak,ドクロッグ
PokeAPI,2026-10-09,455,carnivine,4,0,0,Carnivine,マスキッパ
PokeAPI,2026-10-09,456,finneon,4,0,0,Finneon,ケイコウオ
PokeAPI,2026-10-09,457,lumineon,4,0,0,Lumineon,ネオラント
PokeAPI,2026-10-09,458,mantyke,4,0,0,Mantyke,タマンタ
PokeAPI,2026-10-09,459,snover,4,0,0,Snover,ユキカブリ
PokeAPI,2026-10-09,460,abomasnow,4,0,0,Abomasnow,ユキノオー
PokeAPI,2026-10-09,461,weavile,4,0,0,Weavile,マニューラ
PokeAPI,2026-10-09,462,magnezone,4,0,0,Magnezone,ジバコイル
PokeAPI,2026-10-09,463,lickilicky,4,0,0,Lickilicky,ベロベルト
PokeAPI,2026-10-09,464,rhyperior,4,0,0,Rhyperior,ドサイドン
PokeAPI,2026-10-09,465,tangrowth,4,0,0,Tangrowth,モジャンボ
PokeAPI,2026-10-09,466,electivire,4,0,0,Electivire,エレキブル
PokeAPI,2026-10-09,467,magmortar,4,0,0,Magmortar,ブーバーン
PokeAPI,2026-10-09,468,togekiss,4,0,0,Togekiss,トゲキッス
PokeAPI,2026-10-09,469,yanmega,4,0,0,Yanmega,メガヤンマ
PokeAPI,2026-10-09,470,leafeon,4,0,0,Leafeon,リーフィア
PokeAPI,2026-10-09,471,glaceon,4,0,0,Glaceon,グレイシア
PokeAPI,2026-10-09,472,gliscor,4,0,0,Gliscor,グライオン
PokeAPI,2026-10-09,473,mamoswine,4,0,0,Mamoswine,マンムー
PokeAPI,2026-10-09,474,porygon-z,4,0,0,Porygon-Z,ポリゴンＺ
PokeAPI,2026-10-09,475,gallade,4,0,0,Gallade,エルレイド
PokeAPI,2026-10-09,476,probopass,4,0,0,Probopass,ダイノーズ
PokeAPI,2026-10-09,477,dusknoir,4,0,0,Dusknoir,ヨノワール
PokeAPI,2026-10-09,478,froslass,4,0,0,Froslass,ユキメノコ
PokeAPI,2026-10-09,479,rotom,4,0,0,Rotom,ロトム
PokeAPI,2026-10-09,480,uxie,4,1,0,Uxie,ユクシー
PokeAPI,2026-10-09,481,mesprit,4,1,0,Mesprit,エムリット
PokeAPI,2026-10-09,482,azelf,4,1,0,Azelf,アグノム
PokeAPI,2026-10-09,483,dialga,4,1,0,Dialga,ディアルガ
PokeAPI,2026-10-09,484,palkia,4,1,0,Palkia,パルキア
PokeAPI,2026-10-09,485,heatran,4,1,0,Heatran,ヒードラン
PokeAPI,2026-10-09,486,regigigas,4,1,0,Regigigas,レジギガス
PokeAPI,2026-10-09,487,giratina,4,1,0,Giratina,ギラティナ
PokeAPI,2026-10-09,488,cresselia,4,1,0,Cresselia,クレセリア
PokeAPI,2026-10-09,489,phione,4,0,1,Phione,フィオネ
PokeAPI,2026-10-09,490,manaphy,4,0,1,Manaphy,マナフィ
PokeAPI,2026-10-09,491,darkrai,4,0,1,Darkrai,ダークライ
PokeAPI,2026-10-09,492,shaymin,4,0,1,Shaymin,シェイミ
PokeAPI,2026-10-09,493,arceus,4,0,1,Arceus,アルセウス
PokeAPI,2026-10-09,494,victini,5,0,1,Victini,ビクティニ
PokeAPI,2026-10-09,495,snivy,5,0,0,Snivy,ツタージャ
PokeAPI,2026-10-09,496,servine,5,0,0,Servine,ジャノビー
PokeAPI,2026-10-09,497,serperior,5,0,0,Serperior,ジャローダ
PokeAPI,2026-10-09,498,tepig,5,0,0,Tepig,ポカブ
PokeAPI,2026-10-09,499,pignite,5,0,0,Pignite,チャオブー
PokeAPI,2026-10-09,500,emboar,5,0,0,Emboar,エンブオー
PokeAPI,2026-10-09,501,oshawott,5,0,0,Oshawott,ミジュマル
PokeAPI,2026-10-09,502,dewott,5,0,0,Dewott,フタチマル
PokeAPI,2026-10-09,503,samurott,5,0,0,Samurott,ダイケンキ
PokeAPI,2026-10-09,504,patrat,5,0,0,Patrat,ミネズミ
PokeAPI,2026-10-09,505,watchog,5,0,0,Watchog,ミルホッグ
PokeAPI,2026-10-09,506,lillipup,5,0,0,Lillipup,ヨーテリー
PokeAPI,2026-10-09,507,herdier,5,0,0,Herdier,ハーデリア
PokeAPI,2026-10-09,508,stoutland,5,0,0,Stoutland,ムーランド
PokeAPI,2026-10-09,509,purrloin,5,0,0,Purrloin,チョロネコ
PokeAPI,2026-10-09,510,liepard,5,0,0,Liepard,レパルダス
PokeAPI,2026-10-09,511,pansage,5,0,0,Pansage,ヤナップ
PokeAPI,2026-10-09,512,simisage,5,0,0,Simisage,ヤナッキー
PokeAPI,2026-10-09,513,pansear,5,0,0,Pansear,バオップ
PokeAPI,2026-10-09,514,simisear,5,0,0,Simisear,バオッキー
PokeAPI,2026-10-09,515,panpour,5,0,0,Panpour,ヒヤップ
PokeAPI,2026-10-09,516,simipour,5,0,0,Simipour,ヒヤッキー
PokeAPI,2026-10-09,517,munna,5,0,0,Munna,ムンナ
PokeAPI,2026-10-09,518,musharna,5,0,0,Musharna,ムシャーナ
PokeAPI,2026-10-09,519,pidove,5,0,0,Pidove,マメパト
PokeAPI,2026-10-09,520,tranquill,5,0,0,Tranquill,ハトーボー
PokeAPI,2026-10-09,521,unfezant,5,0,0,Unfezant,ケンホロウ
PokeAPI,2026-10-09,522,blitzle,5,0,0,Blitzle,シママ
PokeAPI,2026-10-09,523,zebstrika,5,0,0,Zebstrika,ゼブライカ
PokeAPI,2026-10-09,524,roggenrola,5,0,0,Roggenrola,ダンゴロ
PokeAPI,2026-10-09,525,boldore,5,0,0,Boldore,ガントル
PokeAPI,2026-10-09,526,gigalith,5,0,0,Gigalith,ギガイアス
PokeAPI,2026-10-09,527,woobat,5,0,0,Woobat,コロモリ
PokeAPI,2026-10-09,528,swoobat,5,0,0,Swoobat,ココロモリ
PokeAPI,2026-10-09,529,drilbur,5,0,0,Drilbur,モグリュー
PokeAPI,2026-10-09,530,excadrill,5,0,0,Excadrill,ドリュウズ
PokeAPI,2026-10-09,531,audino,5,0,0,Audino,タブンネ
PokeAPI,2026-10-09,532,timburr,5,0,0,Timburr,ドッコラー
PokeAPI,2026-10-09,533,gurdurr,5,0,0,Gurdurr,ドテッコツ
PokeAPI,2026-10-09,534,conkeldurr,5,0,0,Conkeldurr,ローブシン
PokeAPI,2026-10-09,535,tympole,5,0,0,Tympole,オタマロ
PokeAPI,2026-10-09,536,palpitoad,5,0,0,Palpitoad,ガマガル
PokeAPI,2026-10-09,537,seismitoad,5,0,0,Seismitoad,ガマゲロゲ
PokeAPI,2026-10-09,538,throh,5,0,0,Throh,ナゲキ
PokeAPI,2026-10-09,539,sawk,5,0,0,Sawk,ダゲキ
PokeAPI,2026-10-09,540,sewaddle,5,0,0,Sewaddle,クルミル
PokeAPI,2026-10-09,541,swadloon,5,0,0,Swadloon,クルマユ
PokeAPI,2026-10-09,542,leavanny,5,0,0,Leavanny,ハハコモリ
PokeAPI,2026-10-09,543,venipede,5,0,0,Venipede,フシデ
PokeAPI,2026-10-09,544,whirlipede,5,0,0,Whirlipede,ホイーガ
PokeAPI,2026-10-09,545,scolipede,5,0,0,Scolipede,ペンドラー
PokeAPI,2026-10-09,546,cottonee,5,0,0,Cottonee,モンメン
PokeAPI,2026-10-09,547,whimsicott,5,0,0,Whimsicott,エルフーン
PokeAPI,2026-10-09,548,petilil,5,0,0,Petilil,チュリネ
PokeAPI,2026-10-09,549,lilligant,5,0,0,Lilligant,ドレディア
PokeAPI,2026-10-09,550,basculin,5,0,0,Basculin,バスラオ
PokeAPI,2026-10-09,551,sandile,5,0,0,Sandile,メグロコ
PokeAPI,2026-10-09,552,krokorok,5,0,0,Krokorok,ワルビル
PokeAPI,2026-10-09,553,krookodile,5,0,0,Krookodile,ワルビアル
PokeAPI,2026-10-09,554,darumaka,5,0,0,Darumaka,ダルマッカ
PokeAPI,2026-10-09,555,darmanitan,5,0,0,Darmanitan,ヒヒダルマ
PokeAPI,2026-10-09,556,maractus,5,0,0,Maractus,マラカッチ
PokeAPI,2026-10-09,557,dwebble,5,0,0,Dwebble,イシズマイ
PokeAPI,2026-10-09,558,crustle,5,0,0,Crustle,イワパレス
PokeAPI,2026-10-09,559,scraggy,5,0,0,Scraggy,ズルッグ
PokeAPI,2026-10-09,560,scrafty,5,0,0,Scrafty,ズルズキン
PokeAPI,2026-10-09,561,sigilyph,5,0,0,Sigilyph,シンボラー
PokeAPI,2026-10-09,562,yamask,5,0,0,Yamask,デスマス
PokeAPI,2026-10-09,563,cofagrigus,5,0,0,Cofagrigus,デスカーン
PokeAPI,2026-10-09,564,tirtouga,5,0,0,Tirtouga,プロトーガ
PokeAPI,2026-10-09,565,carracosta,5,0,0,Carracosta,アバゴーラ
PokeAPI,2026-10-09,566,archen,5,0,0,Archen,アーケン
PokeAPI,2026-10-09,567,archeops,5,0,0,Archeops,アーケオス
PokeAPI,2026-10-09,568,trubbish,5,0,0,Trubbish,ヤブクロン
PokeAPI,2026-10-09,569,garbodor,5,0,0,Garbodor,ダストダス
PokeAPI,2026-10-09,570,zorua,5,0,0,Zorua,ゾロア
PokeAPI,2026-10-09,571,zoroark,5,0,0,Zoroark,ゾロアーク
PokeAPI,2026-10-09,572,minccino,5,0,0,Minccino,チラーミィ
PokeAPI,2026-10-09,573,cinccino,5,0,0,Cinccino,チラチーノ
PokeAPI,2026-10-09,574,gothita,5,0,0,Gothita,ゴチム
PokeAPI,2026-10-09,575,gothorita,5,0,0,Gothorita,ゴチミル
PokeAPI,2026-10-09,576,gothitelle,5,0,0,Gothitelle,ゴチルゼル
PokeAPI,2026-10-09,577,solosis,5,0,0,Solosis,ユニラン
PokeAPI,2026-10-09,578,duosion,5,0,0,Duosion,ダブラン
PokeAPI,2026-10-09,579,reuniclus,5,0,0,Reuniclus,ランクルス
PokeAPI,2026-10-09,580,ducklett,5,0,0,Ducklett,コアルヒー
PokeAPI,2026-10-09,581,swanna,5,0,0,Swanna,スワンナ
PokeAPI,2026-10-09,582,vanillite,5,0,0,Vanillite,バニプッチ
PokeAPI,2026-10-09,583,vanillish,5,0,0,Vanillish,バニリッチ
PokeAPI,2026-10-09,584,vanilluxe,5,0,0,Vanilluxe,バイバニラ
PokeAPI,2026-10-09,585,deerling,5,0,0,Deerling,シキジカ
PokeAPI,2026-10-09,586,sawsbuck,5,0,0,Sawsbuck,メブキジカ
PokeAPI,2026-10-09,587,emolga,5,0,0,Emolga,エモンガ
PokeAPI,2026-10-09,588,karrablast,5,0,0,Karrablast,カブルモ
PokeAPI,2026-10-09,589,escavalier,5,0,0,Escavalier,シュバルゴ
PokeAPI,2026-10-09,590,foongus,5,0,0,Foongus,タマゲタケ
PokeAPI,2026-10-09,591,amoonguss,5,0,0,Amoonguss,モロバレル
PokeAPI,2026-10-09,592,frillish,5,0,0,Frillish,プルリル
PokeAPI,2026-10-09,593,jellicent,5,0,0,Jellicent,ブルンゲル
PokeAPI,2026-10-09,594,alomomola,5,0,0,Alomomola,ママンボウ
PokeAPI,2026-10-09,595,joltik,5,0,0,Joltik,バチュル
PokeAPI,2026-10-09,596,galvantula,5,0,0,Galvantula,デンチュラ
PokeAPI,2026-10-09,597,ferroseed,5,0,0,Ferroseed,テッシード
PokeAPI,2026-10-09,598,ferrothorn,5,0,0,Ferrothorn,ナットレイ
PokeAPI,2026-10-09,599,klink,5,0,0,Klink,ギアル
PokeAPI,2026-10-09,600,klang,5,0,0,Klang,ギギアル
PokeAPI,2026-10-09,601,klinklang,5,0,0,Klinklang,ギギギアル
PokeAPI,2026-10-09,602,tynamo,5,0,0,Tynamo,シビシラス
PokeAPI,2026-10-09,603,eelektrik,5,0,0,Eelektrik,シビビール
PokeAPI,2026-10-09,604,eelektross,5,0,0,Eelektross,シビルドン
PokeAPI,2026-10-09,605,elgyem,5,0,0,Elgyem,リグレー
PokeAPI,2026-10-09,606,beheeyem,5,0,0,Beheeyem,オーベム
PokeAPI,2026-10-09,607,litwick,5,0,0,Litwick,ヒトモシ
PokeAPI,2026-10-09,608,lampent,5,0,0,Lampent,ランプラー
PokeAPI,2026-10-09,609,chandelure,5,0,0,Chandelure,シャンデラ
PokeAPI,2026-10-09,610,axew,5,0,0,Axew,キバゴ
PokeAPI,2026-10-09,611,fraxure,5,0,0,Fraxure,オノンド
PokeAPI,2026-10-09,612,haxorus,5,0,0,Haxorus,オノノクス
PokeAPI,2026-10-09,613,cubchoo,5,0,0,Cubchoo,クマシュン
PokeAPI,2026-10-09,614,beartic,5,0,0,Beartic,ツンベアー
PokeAPI,2026-10-09,615,cryogonal,5,0,0,Cryogonal,フリージオ
PokeAPI,2026-10-09,616,shelmet,5,0,0,Shelmet,チョボマキ
PokeAPI,2026-10-09,617,accelgor,5,0,0,Accelgor,アギルダー
PokeAPI,2026-10-09,618,stunfisk,5,0,0,Stunfisk,マッギョ
PokeAPI,2026-10-09,619,mienfoo,5,0,0,Mienfoo,コジョフー
PokeAPI,2026-10-09,620,mienshao,5,0,0,Mienshao,コジョンド
PokeAPI,2026-10-09,621,druddigon,5,0,0,Druddigon,クリムガン
PokeAPI,2026-10-09,622,golett,5,0,0,Golett,ゴビット
PokeAPI,2026-10-09,623,golurk,5,0,0,Golurk,ゴルーグ
PokeAPI,2026-10-09,624,pawniard,5,0,0,Pawniard,コマタナ
PokeAPI,2026-10-09,625,bisharp,5,0,0,Bisharp,キリキザン
PokeAPI,2026-10-09,626,bouffalant,5,0,0,Bouffalant,バッフロン
PokeAPI,2026-10-09,627,rufflet,5,0,0,Rufflet,ワシボン
PokeAPI,2026-10-09,628,braviary,5,0,0,Braviary,ウォーグル
PokeAPI,2026-10-09,629,vullaby,5,0,0,Vullaby,バルチャイ
PokeAPI,2026-10-09,630,mandibuzz,5,0,0,Mandibuzz,バルジーナ
PokeAPI,2026-10-09,631,heatmor,5,0,0,Heatmor,クイタラン
PokeAPI,2026-10-09,632,durant,5,0,0,Durant,アイアント
PokeAPI,2026-10-09,633,deino,5,0,0,Deino,モノズ
PokeAPI,2026-10-09,634,zweilous,5,0,0,Zweilous,ジヘッド
PokeAPI,2026-10-09,635,hydreigon,5,0,0,Hydreigon,サザンドラ
PokeAPI,2026-10-09,636,larvesta,5,0,0,Larvesta,メラルバ
PokeAPI,2026-10-09,637,volcarona,5,0,0,Volcarona,ウルガモス
PokeAPI,2026-10-09,638,cobalion,5,1,0,Cobalion,コバルオン
PokeAPI,2026-10-09,639,terrakion,5,1,0,Terrakion,テラキオン
PokeAPI,2026-10-09,640,virizion,5,1,0,Virizion,ビリジオン
PokeAPI,2026-10-09,641,tornadus,5,1,0,Tornadus,トルネロス
PokeAPI,2026-10-09,642,thundurus,5,1,0,Thundurus,ボルトロス
PokeAPI,2026-10-09,643,reshiram,5,1,0,Reshiram,レシラム
PokeAPI,2026-10-09,644,zekrom,5,1,0,Zekrom,ゼクロム
PokeAPI,2026-10-09,645,landorus,5,1,0,Landorus,ランドロス
PokeAPI,2026-10-09,646,kyurem,5,1,0,Kyurem,キュレム
PokeAPI,2026-10-09,647,keldeo,5,0,1,Keldeo,ケルディオ
PokeAPI,2026-10-09,648,meloetta,5,0,1,Meloetta,メロエッタ
PokeAPI,2026-10-09,649,genesect,5,0,1,Genesect,ゲノセクト
PokeAPI,2026-10-09,650,chespin,6,0,0,Chespin,ハリマロン
PokeAPI,2026-10-09,651,quilladin,6,0,0,Quilladin,ハリボーグ
PokeAPI,2026-10-09,652,chesnaught,6,0,0,Chesnaught,ブリガロン
PokeAPI,2026-10-09,653,fennekin,6,0,0,Fennekin,フォッコ
PokeAPI,2026-10-09,654,braixen,6,0,0,Braixen,テールナー
PokeAPI,2026-10-09,655,delphox,6,0,0,Delphox,マフォクシー
PokeAPI,2026-10-09,656,froakie,6,0,0,Froakie,ケロマツ
PokeAPI,2026-10-09,657,frogadier,6,0,0,Frogadier,ゲコガシラ
PokeAPI,2026-10-09,658,greninja,6,0,0,Greninja,ゲッコウガ
PokeAPI,2026-10-09,659,bunnelby,6,0,0,Bunnelby,ホルビー
PokeAPI,2026-10-09,660,diggersby,6,0,0,Diggersby,ホルード
PokeAPI,2026-10-09,661,fletchling,6,0,0,Fletchling,ヤヤコマ
PokeAPI,2026-10-09,662,fletchinder,6,0,0,Fletchinder,ヒノヤコマ
PokeAPI,2026-10-09,663,talonflame,6,0,0,Talonflame,ファイアロー
PokeAPI,2026-10-09,664,scatterbug,6,0,0,Scatterbug,コフキムシ
PokeAPI,2026-10-09,665,spewpa,6,0,0,Spewpa,コフーライ
PokeAPI,2026-10-09,666,vivillon,6,0,0,Vivillon,ビビヨン
PokeAPI,2026-10-09,667,litleo,6,0,0,Litleo,シシコ
PokeAPI,2026-10-09,668,pyroar,6,0,0,Pyroar,カエンジシ
PokeAPI,2026-10-09,669,flabebe,6,0,0,Flabébé,フラベベ
PokeAPI,2026-10-09,670,floette,6,0,0,Floette,フラエッテ
PokeAPI,2026-10-09,671,florges,6,0,0,Florges,フラージェス
PokeAPI,2026-10-09,672,skiddo,6,0,0,Skiddo,メェークル
PokeAPI,2026-10-09,673,gogoat,6,0,0,Gogoat,ゴーゴート
PokeAPI,2026-10-09,674,pancham,6,0,0,Pancham,ヤンチャム
PokeAPI,2026-10-09,675,pangoro,6,0,0,Pangoro,ゴロンダ
PokeAPI,2026-10-09,676,furfrou,6,0,0,Furfrou,トリミアン
PokeAPI,2026-10-09,677,espurr,6,0,0,Espurr,ニャスパー
PokeAPI,2026-10-09,678,meowstic,6,0,0,Meowstic,ニャオニクス
PokeAPI,2026-10-09,679,honedge,6,0,0,Honedge,ヒトツキ
PokeAPI,2026-10-09,680,doublade,6,0,0,Doublade,ニダンギル
PokeAPI,2026-10-09,681,aegislash,6,0,0,Aegislash,ギルガルド
PokeAPI,2026-10-09,682,spritzee,6,0,0,Spritzee,シュシュプ
PokeAPI,2026-10-09,683,aromatisse,6,0,0,Aromatisse,フレフワン
PokeAPI,2026-10-09,684,swirlix,6,0,0,Swirlix,ペロッパフ
PokeAPI,2026-10-09,685,slurpuff,6,0,0,Slurpuff,ペロリーム
PokeAPI,2026-10-09,686,inkay,6,0,0,Inkay,マーイーカ
PokeAPI,2026-10-09,687,malamar,6,0,0,Malamar,カラマネロ
PokeAPI,2026-10-09,688,binacle,6,0,0,Binacle,カメテテ
PokeAPI,2026-10-09,689,barbaracle,6,0,0,Barbaracle,ガメノデス
PokeAPI,2026-10-09,690,skrelp,6,0,0,Skrelp,クズモー
PokeAPI,2026-10-09,691,dragalge,6,0,0,Dragalge,ドラミドロ
PokeAPI,2026-10-09,692,clauncher,6,0,0,Clauncher,ウデッポウ
PokeAPI,2026-10-09,693,clawitzer,6,0,0,Clawitzer,ブロスター
PokeAPI,2026-10-09,694,helioptile,6,0,0,Helioptile,エリキテル
PokeAPI,2026-10-09,695,heliolisk,6,0,0,Heliolisk,エレザード
PokeAPI,2026-10-09,696,tyrunt,6,0,0,Tyrunt,チゴラス
PokeAPI,2026-10-09,697,tyrantrum,6,0,0,Tyrantrum,ガチゴラス
PokeAPI,2026-10-09,698,amaura,6,0,0,Amaura,アマルス
PokeAPI,2026-10-09,699,aurorus,6,0,0,Aurorus,アマルルガ
PokeAPI,2026-10-09,700,sylveon,6,0,0,Sylveon,ニンフィア
PokeAPI,2026-10-09,701,hawlucha,6,0,0,Hawlucha,ルチャブル
PokeAPI,2026-10-09,702,dedenne,6,0,0,Dedenne,デデンネ
PokeAPI,2026-10-09,703,carbink,6,0,0,Carbink,メレシー
PokeAPI,2026-10-09,704,goomy,6,0,0,Goomy,ヌメラ
PokeAPI,2026-10-09,705,sliggoo,6,0,0,Sliggoo,ヌメイル
PokeAPI,2026-10-09,706,goodra,6,0,0,Goodra,ヌメルゴン
PokeAPI,2026-10-09,707,klefki,6,0,0,Klefki,クレッフィ
PokeAPI,2026-10-09,708,phantump,6,0,0,Phantump,ボクレー
PokeAPI,2026-10-09,709,trevenant,6,0,0,Trevenant,オーロット
PokeAPI,2026-10-09,710,pumpkaboo,6,0,0,Pumpkaboo,バケッチャ
PokeAPI,2026-10-09,711,gourgeist,6,0,0,Gourgeist,パンプジン
PokeAPI,2026-10-09,712,bergmite,6,0,0,Bergmite,カチコール
PokeAPI,2026-10-09,713,avalugg,6,0,0,Avalugg,クレベース
PokeAPI,2026-10-09,714,noibat,6,0,0,Noibat,オンバット
PokeAPI,2026-10-09,715,noivern,6,0,0,Noivern,オンバーン
PokeAPI,2026-10-09,716,xerneas,6,1,0,Xerneas,ゼルネアス
PokeAPI,2026-10-09,717,yveltal,6,1,0,Yveltal,イベルタル
PokeAPI,2026-10-09,718,zygarde,6,1,0,Zygarde,ジガルデ
PokeAPI,2026-10-09,719,diancie,6,0,1,Diancie,ディアンシー
PokeAPI,2026-10-09,720,hoopa,6,0,1,Hoopa,フーパ
PokeAPI,2026-10-09,721,volcanion,6,0,1,Volcanion,ボルケニオン
PokeAPI,2026-10-09,722,rowlet,7,0,0,Rowlet,モクロー
PokeAPI,2026-10-09,723,dartrix,7,0,0,Dartrix,フクスロー
PokeAPI,2026-10-09,724,decidueye,7,0,0,Decidueye,ジュナイパー
PokeAPI,2026-10-09,725,litten,7,0,0,Litten,ニャビー
PokeAPI,2026-10-09,726,torracat,7,0,0,Torracat,ニャヒート
PokeAPI,2026-10-09,727,incineroar,7,0,0,Incineroar,ガオガエン
PokeAPI,2026-10-09,728,popplio,7,0,0,Popplio,アシマリ
PokeAPI,2026-10-09,729,brionne,7,0,0,Brionne,オシャマリ
PokeAPI,2026-10-09,730,primarina,7,0,0,Primarina,アシレーヌ
PokeAPI,2026-10-09,731,pikipek,7,0,0,Pikipek,ツツケラ
PokeAPI,2026-10-09,732,trumbeak,7,0,0,Trumbeak,ケララッパ
PokeAPI,2026-10-09,733,toucannon,7,0,0,Toucannon,ドデカバシ
PokeAPI,2026-10-09,734,yungoos,7,0,0,Yungoos,ヤングース
PokeAPI,2026-10-09,735,gumshoos,7,0,0,Gumshoos,デカグース
PokeAPI,2026-10-09,736,grubbin,7,0,0,Grubbin,アゴジムシ
PokeAPI,2026-10-09,737,charjabug,7,0,0,Charjabug,デンヂムシ
PokeAPI,2026-10-09,738,vikavolt,7,0,0,Vikavolt,クワガノン
PokeAPI,2026-10-09,739,crabrawler,7,0,0,Crabrawler,マケンカニ
PokeAPI,2026-10-09,740,crabominable,7,0,0,Crabominable,ケケンカニ
PokeAPI,2026-10-09,741,oricorio,7,0,0,Oricorio,オドリドリ
PokeAPI,2026-10-09,742,cutiefly,7,0,0,Cutiefly,アブリー
PokeAPI,2026-10-09,743,ribombee,7,0,0,Ribombee,アブリボン
PokeAPI,2026-10-09,744,rockruff,7,0,0,Rockruff,イワンコ
PokeAPI,2026-10-09,745,lycanroc,7,0,0,Lycanroc,ルガルガン
PokeAPI,2026-10-09,746,wishiwashi,7,0,0,Wishiwashi,ヨワシ
PokeAPI,2026-10-09,747,mareanie,7,0,0,Mareanie,ヒドイデ
PokeAPI,2026-10-09,748,toxapex,7,0,0,Toxapex,ドヒドイデ
PokeAPI,2026-10-09,749,mudbray,7,0,0,Mudbray,ドロバンコ
PokeAPI,2026-10-09,750,mudsdale,7,0,0,Mudsdale,バンバドロ
PokeAPI,2026-10-09,751,dewpider,7,0,0,Dewpider,シズクモ
PokeAPI,2026-10-09,752,araquanid,7,0,0,Araquanid,オニシズクモ
PokeAPI,2026-10-09,753,fomantis,7,0,0,Fomantis,カリキリ
PokeAPI,2026-10-09,754,lurantis,7,0,0,Lurantis,ラランテス
PokeAPI,2026-10-09,755,morelull,7,0,0,Morelull,ネマシュ
PokeAPI,2026-10-09,756,shiinotic,7,0,0,Shiinotic,マシェード
PokeAPI,2026-10-09,757,salandit,7,0,0,Salandit,ヤトウモリ
PokeAPI,2026-10-09,758,salazzle,7,0,0,Salazzle,エンニュート
PokeAPI,2026-10-09,759,stufful,7,0,0,Stufful,ヌイコグマ
PokeAPI,2026-10-09,760,bewear,7,0,0,Bewear,キテルグマ
PokeAPI,2026-10-09,761,bounsweet,7,0,0,Bounsweet,アマカジ
PokeAPI,2026-10-09,762,steenee,7,0,0,Steenee,アママイコ
PokeAPI,2026-10-09,763,tsareena,7,0,0,Tsareena,アマージョ
PokeAPI,2026-10-09,764,comfey,7,0,0,Comfey,キュワワー
PokeAPI,2026-10-09,765,oranguru,7,0,0,Oranguru,ヤレユータン
PokeAPI,2026-10-09,766,passimian,7,0,0,Passimian,ナゲツケサル
PokeAPI,2026-10-09,767,wimpod,7,0,0,Wimpod,コソクムシ
PokeAPI,2026-10-09,768,golisopod,7,0,0,Golisopod,グソクムシャ
PokeAPI,2026-10-09,769,sandygast,7,0,0,Sandygast,スナバァ
PokeAPI,2026-10-09,770,palossand,7,0,0,Palossand,シロデスナ
PokeAPI,2026-10-09,771,pyukumuku,7,0,0,Pyukumuku,ナマコブシ
PokeAPI,2026-10-09,772,type-null,7,1,0,Type: Null,タイプ：ヌル
PokeAPI,2026-10-09,773,silvally,7,1,0,Silvally,シルヴァディ
PokeAPI,2026-10-09,774,minior,7,0,0,Minior,メテノ
PokeAPI,2026-10-09,775,komala,7,0,0,Komala,ネッコアラ
PokeAPI,2026-10-09,776,turtonator,7,0,0,Turtonator,バクガメス
PokeAPI,2026-10-09,777,togedemaru,7,0,0,Togedemaru,トゲデマル
PokeAPI,2026-10-09,778,mimikyu,7,0,0,Mimikyu,ミミッキュ
PokeAPI,2026-10-09,779,bruxish,7,0,0,Bruxish,ハギギシリ
PokeAPI,2026-10-09,780,drampa,7,0,0,Drampa,ジジーロン
PokeAPI,2026-10-09,781,dhelmise,7,0,0,Dhelmise,ダダリン
PokeAPI,2026-10-09,782,jangmo-o,7,0,0,Jangmo-o,ジャラコ
PokeAPI,2026-10-09,783,hakamo-o,7,0,0,Hakamo-o,ジャランゴ
PokeAPI,2026-10-09,784,kommo-o,7,0,0,Kommo-o,ジャラランガ
PokeAPI,2026-10-09,785,tapu-koko,7,1,0,Tapu Koko,カプ・コケコ
PokeAPI,2026-10-09,786,tapu-lele,7,1,0,Tapu Lele,カプ・テテフ
PokeAPI,2026-10-09,787,tapu-bulu,7,1,0,Tapu Bulu,カプ・ブルル
PokeAPI,2026-10-09,788,tapu-fini,7,1,0,Tapu Fini,カプ・レヒレ
PokeAPI,2026-10-09,789,cosmog,7,1,0,Cosmog,コスモッグ
PokeAPI,2026-10-09,790,cosmoem,7,1,0,Cosmoem,コスモウム
PokeAPI,2026-10-09,791,solgaleo,7,1,0,Solgaleo,ソルガレオ
PokeAPI,2026-10-09,792,lunala,7,1,0,Lunala,ルナアーラ
PokeAPI,2026-10-09,793,nihilego,7,0,0,Nihilego,ウツロイド
PokeAPI,2026-10-09,794,buzzwole,7,0,0,Buzzwole,マッシブーン
PokeAPI,2026-10-09,795,pheromosa,7,0,0,Pheromosa,フェローチェ
PokeAPI,2026-10-09,796,xurkitree,7,0,0,Xurkitree,デンジュモク
PokeAPI,2026-10-09,797,celesteela,7,0,0,Celesteela,テッカグヤ
PokeAPI,2026-10-09,798,kartana,7,0,0,Kartana,カミツルギ
PokeAPI,2026-10-09,799,guzzlord,7,0,0,Guzzlord,アクジキング
PokeAPI,2026-10-09,800,necrozma,7,1,0,Necrozma,ネクロズマ
PokeAPI,2026-10-09,801,magearna,7,0,1,Magearna,マギアナ
PokeAPI,2026-10-09,802,marshadow,7,0,1,Marshadow,マーシャドー
PokeAPI,2026-10-09,803,poipole,7,0,0,Poipole,ベベノム
PokeAPI,2026-10-09,804,naganadel,7,0,0,Naganadel,アーゴヨン
PokeAPI,2026-10-09,805,stakataka,7,0,0,Stakataka,ツンデツンデ
PokeAPI,2026-10-09,806,blacephalon,7,0,0,Blacephalon,ズガドーン
PokeAPI,2026-10-09,807,zeraora,7,0,1,Zeraora,ゼラオラ
PokeAPI,2026-10-09,808,meltan,7,0,1,Meltan,メルタン
PokeAPI,2026-10-09,809,melmetal,7,0,1,Melmetal,メルメタル
PokeAPI,2026-10-09,810,grookey,8,0,0,Grookey,サルノリ
PokeAPI,2026-10-09,811,thwackey,8,0,0,Thwackey,バチンキー
PokeAPI,2026-10-09,812,rillaboom,8,0,0,Rillaboom,ゴリランダー
PokeAPI,2026-10-09,813,scorbunny,8,0,0,Scorbunny,ヒバニー
PokeAPI,2026-10-09,814,raboot,8,0,0,Raboot,ラビフット
PokeAPI,2026-10-09,815,cinderace,8,0,0,Cinderace,エースバーン
PokeAPI,2026-10-09,816,sobble,8,0,0,Sobble,メッソン
PokeAPI,2026-10-09,817,drizzile,8,0,0,Drizzile,ジメレオン
PokeAPI,2026-10-09,818,inteleon,8,0,0,Inteleon,インテレオン
PokeAPI,2026-10-09,819,skwovet,8,0,0,Skwovet,ホシガリス
PokeAPI,2026-10-09,820,greedent,8,0,0,Greedent,ヨクバリス
PokeAPI,2026-10-09,821,rookidee,8,0,0,Rookidee,ココガラ
PokeAPI,2026-10-09,822,corvisquire,8,0,0,Corvisquire,アオガラス
PokeAPI,2026-10-09,823,corviknight,8,0,0,Corviknight,アーマーガア
PokeAPI,2026-10-09,824,blipbug,8,0,0,Blipbug,サッチムシ
PokeAPI,2026-10-09,825,dottler,8,0,0,Dottler,レドームシ
PokeAPI,2026-10-09,826,orbeetle,8,0,0,Orbeetle,イオルブ
PokeAPI,2026-10-09,827,nickit,8,0,0,Nickit,クスネ
PokeAPI,2026-10-09,828,thievul,8,0,0,Thievul,フォクスライ
PokeAPI,2026-10-09,829,gossifleur,8,0,0,Gossifleur,ヒメンカ
PokeAPI,2026-10-09,830,eldegoss,8,0,0,Eldegoss,ワタシラガ
PokeAPI,2026-10-09,831,wooloo,8,0,0,Wooloo,ウールー
PokeAPI,2026-10-09,832,dubwool,8,0,0,Dubwool,バイウールー
PokeAPI,2026-10-09,833,chewtle,8,0,0,Chewtle,カムカメ
PokeAPI,2026-10-09,834,drednaw,8,0,0,Drednaw,カジリガメ
PokeAPI,2026-10-09,835,yamper,8,0,0,Yamper,ワンパチ
PokeAPI,2026-10-09,836,boltund,8,0,0,Boltund,パルスワン
PokeAPI,2026-10-09,837,rolycoly,8,0,0,Rolycoly,タンドン
PokeAPI,2026-10-09,838,carkol,8,0,0,Carkol,トロッゴン
PokeAPI,2026-10-09,839,coalossal,8,0,0,Coalossal,セキタンザン
PokeAPI,2026-10-09,840,applin,8,0,0,Applin,カジッチュ
PokeAPI,2026-10-09,841,flapple,8,0,0,Flapple,アップリュー
PokeAPI,2026-10-09,842,appletun,8,0,0,Appletun,タルップル
PokeAPI,2026-10-09,843,silicobra,8,0,0,Silicobra,スナヘビ
PokeAPI,2026-10-09,844,sandaconda,8,0,0,Sandaconda,サダイジャ
PokeAPI,2026-10-09,845,cramorant,8,0,0,Cramorant,ウッウ
PokeAPI,2026-10-09,846,arrokuda,8,0,0,Arrokuda,サシカマス
PokeAPI,2026-10-09,847,barraskewda,8,0,0,Barraskewda,カマスジョー
PokeAPI,2026-10-09,848,toxel,8,0,0,Toxel,エレズン
PokeAPI,2026-10-09,849,toxtricity,8,0,0,Toxtricity,ストリンダー
PokeAPI,2026-10-09,850,sizzlipede,8,0,0,Sizzlipede,ヤクデ
PokeAPI,2026-10-09,851,centiskorch,8,0,0,Centiskorch,マルヤクデ
PokeAPI,2026-10-09,852,clobbopus,8,0,0,Clobbopus,タタッコ
PokeAPI,2026-10-09,853,grapploct,8,0,0,Grapploct,オトスパス
PokeAPI,2026-10-09,854,sinistea,8,0,0,Sinistea,ヤバチャ
PokeAPI,2026-10-09,855,polteageist,8,0,0,Polteageist,ポットデス
PokeAPI,2026-10-09,856,hatenna,8,0,0,Hatenna,ミブリム
PokeAPI,2026-10-09,857,hattrem,8,0,0,Hattrem,テブリム
PokeAPI,2026-10-09,858,hatterene,8,0,0,Hatterene,ブリムオン
PokeAPI,2026-10-09,859,impidimp,8,0,0,Impidimp,ベロバー
PokeAPI,2026-10-09,860,morgrem,8,0,0,Morgrem,ギモー
PokeAPI,2026-10-09,861,grimmsnarl,8,0,0,Grimmsnarl,オーロンゲ
PokeAPI,2026-10-09,862,obstagoon,8,0,0,Obstagoon,タチフサグマ
PokeAPI,2026-10-09,863,perrserker,8,0,0,Perrserker,ニャイキング
PokeAPI,2026-10-09,864,cursola,8,0,0,Cursola,サニゴーン
PokeAPI,2026-10-09,865,sirfetchd,8,0,0,Sirfetch’d,ネギガナイト
PokeAPI,2026-10-09,866,mr-rime,8,0,0,Mr. Rime,バリコオル
PokeAPI,2026-10-09,867,runerigus,8,0,0,Runerigus,デスバーン
PokeAPI,2026-10-09,868,milcery,8,0,0,Milcery,マホミル
PokeAPI,2026-10-09,869,alcremie,8,0,0,Alcremie,マホイップ
PokeAPI,2026-10-09,870,falinks,8,0,0,Falinks,タイレーツ
PokeAPI,2026-10-09,871,pincurchin,8,0,0,Pincurchin,バチンウニ
PokeAPI,2026-10-09,872,snom,8,0,0,Snom,ユキハミ
PokeAPI,2026-10-09,873,frosmoth,8,0,0,Frosmoth,モスノウ
PokeAPI,2026-10-09,874,stonjourner,8,0,0,Stonjourner,イシヘンジン
PokeAPI,2026-10-09,875,eiscue,8,0,0,Eiscue,コオリッポ
PokeAPI,2026-10-09,876,indeedee,8,0,0,Indeedee,イエッサン
PokeAPI,2026-10-09,877,morpeko,8,0,0,Morpeko,モルペコ
PokeAPI,2026-10-09,878,cufant,8,0,0,Cufant,ゾウドウ
PokeAPI,2026-10-09,879,copperajah,8,0,0,Copperajah,ダイオウドウ
PokeAPI,2026-10-09,880,dracozolt,8,0,0,Dracozolt,パッチラゴン
PokeAPI,2026-10-09,881,arctozolt,8,0,0,Arctozolt,パッチルドン
PokeAPI,2026-10-09,882,dracovish,8,0,0,Dracovish,ウオノラゴン
PokeAPI,2026-10-09,883,arctovish,8,0,0,Arctovish,ウオチルドン
PokeAPI,2026-10-09,884,duraludon,8,0,0,Duraludon,ジュラルドン
PokeAPI,2026-10-09,885,dreepy,8,0,0,Dreepy,ドラメシヤ
PokeAPI,2026-10-09,886,drakloak,8,0,0,Drakloak,ドロンチ
PokeAPI,2026-10-09,887,dragapult,8,0,0,Dragapult,ドラパルト
PokeAPI,2026-10-09,888,zacian,8,1,0,Zacian,ザシアン
PokeAPI,2026-10-09,889,zamazenta,8,1,0,Zamazenta,ザマゼンタ
PokeAPI,2026-10-09,890,eternatus,8,1,0,Eternatus,ムゲンダイナ
PokeAPI,2026-10-09,891,kubfu,8,1,0,Kubfu,ダクマ
PokeAPI,2026-10-09,892,urshifu,8,1,0,Urshifu,ウーラオス
PokeAPI,2026-10-09,893,zarude,8,0,1,Zarude,ザルード
PokeAPI,2026-10-09,894,regieleki,8,1,0,Regieleki,レジエレキ
PokeAPI,2026-10-09,895,regidrago,8,1,0,Regidrago,レジドラゴ
PokeAPI,2026-10-09,896,glastrier,8,1,0,Glastrier,ブリザポス
PokeAPI,2026-10-09,897,spectrier,8,1,0,Spectrier,レイスポス
PokeAPI,2026-10-09,898,calyrex,8,1,0,Calyrex,バドレックス
PokeAPI,2026-10-09,899,wyrdeer,8,0,0,Wyrdeer,アヤシシ
PokeAPI,2026-10-09,900,kleavor,8,0,0,Kleavor,バサギリ
PokeAPI,2026-10-09,901,ursaluna,8,0,0,Ursaluna,ガチグマ
PokeAPI,2026-10-09,902,basculegion,8,0,0,Basculegion,イダイトウ
PokeAPI,2026-10-09,903,sneasler,8,0,0,Sneasler,オオニューラ
PokeAPI,2026-10-09,904,overqwil,8,0,0,Overqwil,ハリーマン
PokeAPI,2026-10-09,905,enamorus,8,1,0,Enamorus,ラブトロス
PokeAPI,2026-10-09,906,sprigatito,9,0,0,Sprigatito,ニャオハ
PokeAPI,2026-10-09,907,floragato,9,0,0,Floragato,ニャローテ
PokeAPI,2026-10-09,908,meowscarada,9,0,0,Meowscarada,マスカーニャ
PokeAPI,2026-10-09,909,fuecoco,9,0,0,Fuecoco,ホゲータ
PokeAPI,2026-10-09,910,crocalor,9,0,0,Crocalor,アチゲータ
PokeAPI,2026-10-09,911,skeledirge,9,0,0,Skeledirge,ラウドボーン
PokeAPI,2026-10-09,912,quaxly,9,0,0,Quaxly,クワッス
PokeAPI,2026-10-09,913,quaxwell,9,0,0,Quaxwell,ウェルカモ
PokeAPI,2026-10-09,914,quaquaval,9,0,0,Quaquaval,ウェーニバル
PokeAPI,2026-10-09,915,lechonk,9,0,0,Lechonk,グルトン
PokeAPI,2026-10-09,916,oinkologne,9,0,0,Oinkologne,パフュートン
PokeAPI,2026-10-09,917,tarountula,9,0,0,Tarountula,タマンチュラ
PokeAPI,2026-10-09,918,spidops,9,0,0,Spidops,ワナイダー
PokeAPI,2026-10-09,919,nymble,9,0,0,Nymble,マメバッタ
PokeAPI,2026-10-09,920,lokix,9,0,0,Lokix,エクスレッグ
PokeAPI,2026-10-09,921,pawmi,9,0,0,Pawmi,パモ
PokeAPI,2026-10-09,922,pawmo,9,0,0,Pawmo,パモット
PokeAPI,2026-10-09,923,pawmot,9,0,0,Pawmot,パーモット
PokeAPI,2026-10-09,924,tandemaus,9,0,0,Tandemaus,ワッカネズミ
PokeAPI,2026-10-09,925,maushold,9,0,0,Maushold,イッカネズミ
PokeAPI,2026-10-09,926,fidough,9,0,0,Fidough,パピモッチ
PokeAPI,2026-10-09,927,dachsbun,9,0,0,Dachsbun,バウッツェル
PokeAPI,2026-10-09,928,smoliv,9,0,0,Smoliv,ミニーブ
PokeAPI,2026-10-09,929,dolliv,9,0,0,Dolliv,オリーニョ
PokeAPI,2026-10-09,930,arboliva,9,0,0,Arboliva,オリーヴァ
PokeAPI,2026-10-09,931,squawkabilly,9,0,0,Squawkabilly,イキリンコ
PokeAPI,2026-10-09,932,nacli,9,0,0,Nacli,コジオ
PokeAPI,2026-10-09,933,naclstack,9,0,0,Naclstack,ジオヅム
PokeAPI,2026-10-09,934,garganacl,9,0,0,Garganacl,キョジオーン
PokeAPI,2026-10-09,935,charcadet,9,0,0,Charcadet,カルボウ
PokeAPI,2026-10-09,936,armarouge,9,0,0,Armarouge,グレンアルマ
PokeAPI,2026-10-09,937,ceruledge,9,0,0,Ceruledge,ソウブレイズ
PokeAPI,2026-10-09,938,tadbulb,9,0,0,Tadbulb,ズピカ
PokeAPI,2026-10-09,939,bellibolt,9,0,0,Bellibolt,ハラバリー
PokeAPI,2026-10-09,940,wattrel,9,0,0,Wattrel,カイデン
PokeAPI,2026-10-09,941,kilowattrel,9,0,0,Kilowattrel,タイカイデン
PokeAPI,2026-10-09,942,maschiff,9,0,0,Maschiff,オラチフ
PokeAPI,2026-10-09,943,mabosstiff,9,0,0,Mabosstiff,マフィティフ
PokeAPI,2026-10-09,944,shroodle,9,0,0,Shroodle,シルシュルー
PokeAPI,2026-10-09,945,grafaiai,9,0,0,Grafaiai,タギングル
PokeAPI,2026-10-09,946,bramblin,9,0,0,Bramblin,アノクサ
PokeAPI,2026-10-09,947,brambleghast,9,0,0,Brambleghast,アノホラグサ
PokeAPI,2026-10-09,948,toedscool,9,0,0,Toedscool,ノノクラゲ
PokeAPI,2026-10-09,949,toedscruel,9,0,0,Toedscruel,リククラゲ
PokeAPI,2026-10-09,950,klawf,9,0,0,Klawf,ガケガニ
PokeAPI,2026-10-09,951,capsakid,9,0,0,Capsakid,カプサイジ
PokeAPI,2026-10-09,952,scovillain,9,0,0,Scovillain,スコヴィラン
PokeAPI,2026-10-09,953,rellor,9,0,0,Rellor,シガロコ
PokeAPI,2026-10-09,954,rabsca,9,0,0,Rabsca,ベラカス
PokeAPI,2026-10-09,955,flittle,9,0,0,Flittle,ヒラヒナ
PokeAPI,2026-10-09,956,espathra,9,0,0,Espathra,クエスパトラ
PokeAPI,2026-10-09,957,tinkatink,9,0,0,Tinkatink,カヌチャン
PokeAPI,2026-10-09,958,tinkatuff,9,0,0,Tinkatuff,ナカヌチャン
PokeAPI,2026-10-09,959,tinkaton,9,0,0,Tinkaton,デカヌチャン
PokeAPI,2026-10-09,960,wiglett,9,0,0,Wiglett,ウミディグダ
PokeAPI,2026-10-09,961,wugtrio,9,0,0,Wugtrio,ウミトリオ
PokeAPI,2026-10-09,962,bombirdier,9,0,0,Bombirdier,オトシドリ
PokeAPI,2026-10-09,963,finizen,9,0,0,Finizen,ナミイルカ
PokeAPI,2026-10-09,964,palafin,9,0,0,Palafin,イルカマン
PokeAPI,2026-10-09,965,varoom,9,0,0,Varoom,ブロロン
PokeAPI,2026-10-09,966,revavroom,9,0,0,Revavroom,ブロロローム
PokeAPI,2026-10-09,967,cyclizar,9,0,0,Cyclizar,モトトカゲ
PokeAPI,2026-10-09,968,orthworm,9,0,0,Orthworm,ミミズズ
PokeAPI,2026-10-09,969,glimmet,9,0,0,Glimmet,キラーメ
PokeAPI,2026-10-09,970,glimmora,9,0,0,Glimmora,キラフロル
PokeAPI,2026-10-09,971,greavard,9,0,0,Greavard,ボチ
PokeAPI,2026-10-09,972,houndstone,9,0,0,Houndstone,ハカドッグ
PokeAPI,2026-10-09,973,flamigo,9,0,0,Flamigo,カラミンゴ
PokeAPI,2026-10-09,974,cetoddle,9,0,0,Cetoddle,アルクジラ
PokeAPI,2026-10-09,975,cetitan,9,0,0,Cetitan,ハルクジラ
PokeAPI,2026-10-09,976,veluza,9,0,0,Veluza,ミガルーサ
PokeAPI,2026-10-09,977,dondozo,9,0,0,Dondozo,ヘイラッシャ
PokeAPI,2026-10-09,978,tatsugiri,9,0,0,Tatsugiri,シャリタツ
PokeAPI,2026-10-09,979,annihilape,9,0,0,Annihilape,コノヨザル
PokeAPI,2026-10-09,980,clodsire,9,0,0,Clodsire,ドオー
PokeAPI,2026-10-09,981,farigiraf,9,0,0,Farigiraf,リキキリン
PokeAPI,2026-10-09,982,dudunsparce,9,0,0,Dudunsparce,ノココッチ
PokeAPI,2026-10-09,983,kingambit,9,0,0,Kingambit,ドドゲザン
PokeAPI,2026-10-09,984,great-tusk,9,0,0,Great Tusk,イダイナキバ
PokeAPI,2026-10-09,985,scream-tail,9,0,0,Scream Tail,サケブシッポ
PokeAPI,2026-10-09,986,brute-bonnet,9,0,0,Brute Bonnet,アラブルタケ
PokeAPI,2026-10-09,987,flutter-mane,9,0,0,Flutter Mane,ハバタクカミ
PokeAPI,2026-10-09,988,slither-wing,9,0,0,Slither Wing,チヲハウハネ
PokeAPI,2026-10-09,989,sandy-shocks,9,0,0,Sandy Shocks,スナノケガワ
PokeAPI,2026-10-09,990,iron-treads,9,0,0,Iron Treads,テツノワダチ
PokeAPI,2026-10-09,991,iron-bundle,9,0,0,Iron Bundle,テツノツツミ
PokeAPI,2026-10-09,992,iron-hands,9,0,0,Iron Hands,テツノカイナ
PokeAPI,2026-10-09,993,iron-jugulis,9,0,0,Iron Jugulis,テツノコウベ
PokeAPI,2026-10-09,994,iron-moth,9,0,0,Iron Moth,テツノドクガ
PokeAPI,2026-10-09,995,iron-thorns,9,0,0,Iron Thorns,テツノイバラ
PokeAPI,2026-10-09,996,frigibax,9,0,0,Frigibax,セビエ
PokeAPI,2026-10-09,997,arctibax,9,0,0,Arctibax,セゴール
PokeAPI,2026-10-09,998,baxcalibur,9,0,0,Baxcalibur,セグレイブ
PokeAPI,2026-10-09,999,gimmighoul,9,0,0,Gimmighoul,コレクレー
PokeAPI,2026-10-09,1000,gholdengo,9,0,0,Gholdengo,サーフゴー
PokeAPI,2026-10-09,1001,wo-chien,9,1,0,Wo-Chien,チオンジェン
PokeAPI,2026-10-09,1002,chien-pao,9,1,0,Chien-Pao,パオジアン
PokeAPI,2026-10-09,1003,ting-lu,9,1,0,Ting-Lu,ディンルー
PokeAPI,2026-10-09,1004,chi-yu,9,1,0,Chi-Yu,イーユイ
PokeAPI,2026-10-09,1005,roaring-moon,9,0,0,Roaring Moon,トドロクツキ
PokeAPI,2026-10-09,1006,iron-valiant,9,0,0,Iron Valiant,テツノブジン
PokeAPI,2026-10-09,1007,koraidon,9,1,0,Koraidon,コライドン
PokeAPI,2026-10-09,1008,miraidon,9,1,0,Miraidon,ミライドン
PokeAPI,2026-10-09,1009,walking-wake,9,0,0,Walking Wake,ウネルミナモ
PokeAPI,2026-10-09,1010,iron-leaves,9,0,0,Iron Leaves,テツノイサハ
PokeAPI,2026-10-09,1011,dipplin,9,0,0,Dipplin,カミッチュ
PokeAPI,2026-10-09,1012,poltchageist,9,0,0,Poltchageist,チャデス
PokeAPI,2026-10-09,1013,sinistcha,9,0,0,Sinistcha,ヤバソチャ
PokeAPI,2026-10-09,1014,okidogi,9,1,0,Okidogi,イイネイヌ
PokeAPI,2026-10-09,1015,munkidori,9,1,0,Munkidori,マシマシラ
PokeAPI,2026-10-09,1016,fezandipiti,9,1,0,Fezandipiti,キチキギス
PokeAPI,2026-10-09,1017,ogerpon,9,1,0,Ogerpon,オーガポン
PokeAPI,2026-10-09,1018,archaludon,9,0,0,Archaludon,ブリジュラス
PokeAPI,2026-10-09,1019,hydrapple,9,0,0,Hydrapple,カミツオロチ
PokeAPI,2026-10-09,1020,gouging-fire,9,0,0,Gouging Fire,ウガツホムラ
PokeAPI,2026-10-09,1021,raging-bolt,9,0,0,Raging Bolt,タケルライコ
PokeAPI,2026-10-09,1022,iron-boulder,9,0,0,Iron Boulder,テツノイワオ
PokeAPI,2026-10-09,1023,iron-crown,9,0,0,Iron Crown,テツノカシラ
PokeAPI,2026-10-09,1024,terapagos,9,1,0,Terapagos,テラパゴス
PokeAPI,2026-10-09,1025,pecharunt,9,0,1,Pecharunt,モモワロウ
