nome,set,numero,lingua,rarita_o_tipo,link_cardmarket,nm_offerta_min_eur,ebay_venduti_mediana3_eur,data,note
Charizard VSTAR,SWSH Black Star Promos,SWSH262,inglese,promo,https://www.cardmarket.com/it/Pokemon/Products/Singles/SWSH-Black-Star-Promos/Charizard-VSTAR-SWSH262,52,,2026-10-08,
Pikachu VMAX,VMAX Climax,223/184,giapponese,rarità alta (sigla da verificare nel blocco 3),https://www.cardmarket.com/it/Pokemon/Products/Singles/VMAX-Climax/Pikachu-VMAX-V2-s8b223,94,,2026-10-08,
Umbreon Gold Star,Celebrations (Classic Collection),CEL 17,inglese,ristampa Classic Collection (rilascio speciale),https://www.cardmarket.com/it/Pokemon/Products/Singles/Celebrations/Umbreon-Gold-Star-CELPOP5-17,93,,2026-10-08,
Pikachu ex,Surging Sparks,238/191,inglese,special illustration rare,https://www.cardmarket.com/it/Pokemon/Products/Singles/Surging-Sparks/Pikachu-ex-V3-SSP238,220,,2026-10-08,
Pikachu with Grey Felt Hat,SV Black Star Promos,SVP 085,inglese,promo (Van Gogh Museum),https://www.cardmarket.com/it/Pokemon/Products/Singles/SV-Black-Star-Promos/Pikachu-with-Grey-Felt-Hat-SVP085,510,,2026-10-08,prezzo confermato da Giacomo
Charmander,151,168/165,inglese,illustration rare,https://www.cardmarket.com/it/Pokemon/Products/Singles/151/Charmander-V2-MEW168,85,,2026-10-08,
Eevee (Yu Nagaba),SV-P Promos,062/SV-P,giapponese,promo,https://www.cardmarket.com/it/Pokemon/Products/Singles/Scarlet-Violet-Promos/Eevee-SV-P062,69,,2026-10-08,
Charmander,Pokémon Card 151,168/165,giapponese,AR (illustration rare),https://www.cardmarket.com/it/Pokemon/Products/Singles/Pokemon-Card-151/Charmander-V2-sv2a168,21.9,,2026-10-08,
Squirtle,151,170/165,inglese,illustration rare,https://www.cardmarket.com/it/Pokemon/Products/Singles/151/Squirtle-V2-MEW170,72,,2026-10-08,
Charizard ex,151,199/165,inglese,special illustration rare,https://www.cardmarket.com/it/Pokemon/Products/Singles/151/Charizard-ex-V3-MEW199,320,,2026-10-08,Giacomo ha indicato 320/330
Umbreon ex,Terastal Festival ex,217/187,giapponese,SAR (special illustration rare),https://www.cardmarket.com/it/Pokemon/Products/Singles/Terastal-Festival-ex/Umbreon-ex-V2-sv8a217,305,,2026-10-08,minimo NM giapponese corretto da Giacomo l'8/10 (prima 251)
Mewtwo V,Pokémon GO,072/078,inglese,"alternate art (equivalente SIR, Spada e Scudo)",https://www.cardmarket.com/it/Pokemon/Products/Singles/Pokemon-GO/Mewtwo-V-V2-PGO072,50,,2026-10-08,
Mewtwo VSTAR,Crown Zenith (Galarian Gallery),GG44,inglese,galleria,https://www.cardmarket.com/it/Pokemon/Products/Singles/Crown-Zenith/Mewtwo-VSTAR-CRZGG44,215,,2026-10-08,
Pikachu ex,Super Electric Breaker,132/106,giapponese,SAR (special illustration rare),https://www.cardmarket.com/it/Pokemon/Products/Singles/Super-Electric-Breaker/Pikachu-ex-V3-sv8132,240,,2026-10-08,
Pikachu (Munch),SM-P Promos,288/SM-P,giapponese,promo (mostra Munch),https://www.cardmarket.com/it/Pokemon/Products/Singles/Sun-Moon-Promos/Pikachu-SM-P288,9300,,2026-10-08,prezzo confermato da Giacomo
