pokemon,livello,note
Umbreon,alto,"dai dati 10/10/2026: +960% rispetto al Pokémon medio, 32 carte; approvato da Giacomo"
Rayquaza,alto,"dai dati 10/10/2026: +772% rispetto al Pokémon medio, 18 carte; approvato da Giacomo"
Lugia,alto,"dai dati 10/10/2026: +711% rispetto al Pokémon medio, 18 carte; approvato da Giacomo"
Gengar,alto,"dai dati 10/10/2026: +599% rispetto al Pokémon medio, 18 carte; approvato da Giacomo"
Espeon,alto,"dai dati 10/10/2026: +568% rispetto al Pokémon medio, 22 carte; approvato da Giacomo"
Giratina,alto,"dai dati 10/10/2026: +533% rispetto al Pokémon medio, 8 carte; approvato da Giacomo"
Charizard,alto,"dai dati 10/10/2026: +458% rispetto al Pokémon medio, 65 carte; approvato da Giacomo"
Sylveon,alto,"dai dati 10/10/2026: +370% rispetto al Pokémon medio, 19 carte; approvato da Giacomo"
Darkrai,alto,"dai dati 10/10/2026: +294% rispetto al Pokémon medio, 14 carte; approvato da Giacomo"
Suicune,alto,"dai dati 10/10/2026: +271% rispetto al Pokémon medio, 11 carte; approvato da Giacomo"
Mew,alto,"dai dati 10/10/2026: +251% rispetto al Pokémon medio, 31 carte; approvato da Giacomo"
Greninja,alto,"dai dati 10/10/2026: +246% rispetto al Pokémon medio, 27 carte; approvato da Giacomo"
Vaporeon,alto,"dai dati 10/10/2026: +246% rispetto al Pokémon medio, 13 carte; approvato da Giacomo"
Mewtwo,alto,"dai dati 10/10/2026: +240% rispetto al Pokémon medio, 43 carte; approvato da Giacomo"
Leafeon,alto,"dai dati 10/10/2026: +226% rispetto al Pokémon medio, 20 carte; approvato da Giacomo"
Pikachu,alto,"dai dati 10/10/2026: +221% rispetto al Pokémon medio, 149 carte; approvato da Giacomo"
Magikarp,alto,"dai dati 10/10/2026: +221% rispetto al Pokémon medio, 11 carte; approvato da Giacomo"
Dragonite,alto,"dai dati 10/10/2026: +214% rispetto al Pokémon medio, 20 carte; approvato da Giacomo"
Garchomp,alto,"dai dati 10/10/2026: +211% rispetto al Pokémon medio, 17 carte; approvato da Giacomo"
Arceus,alto,"dai dati 10/10/2026: +210% rispetto al Pokémon medio, 14 carte; approvato da Giacomo"
Gardevoir,alto,"dai dati 10/10/2026: +203% rispetto al Pokémon medio, 25 carte; approvato da Giacomo"
Glaceon,medio,"dai dati 10/10/2026: +199% rispetto al Pokémon medio, 18 carte; approvato da Giacomo"
Mimikyu,medio,"dai dati 10/10/2026: +198% rispetto al Pokémon medio, 28 carte; approvato da Giacomo"
Reshiram,medio,"dai dati 10/10/2026: +196% rispetto al Pokémon medio, 16 carte; approvato da Giacomo"
Flareon,medio,"dai dati 10/10/2026: +190% rispetto al Pokémon medio, 15 carte; approvato da Giacomo"
Ho-Oh,medio,"dai dati 10/10/2026: +177% rispetto al Pokémon medio, 16 carte; approvato da Giacomo"
Jolteon,medio,"dai dati 10/10/2026: +167% rispetto al Pokémon medio, 13 carte; approvato da Giacomo"
Dialga,medio,"dai dati 10/10/2026: +165% rispetto al Pokémon medio, 9 carte; approvato da Giacomo"
Palkia,medio,"dai dati 10/10/2026: +164% rispetto al Pokémon medio, 13 carte; approvato da Giacomo"
Jirachi,medio,"dai dati 10/10/2026: +132% rispetto al Pokémon medio, 9 carte; approvato da Giacomo"
Tyranitar,medio,"dai dati 10/10/2026: +127% rispetto al Pokémon medio, 17 carte; approvato da Giacomo"
Raikou,medio,"dai dati 10/10/2026: +123% rispetto al Pokémon medio, 10 carte; approvato da Giacomo"
Charmander,medio,"dai dati 10/10/2026: +118% rispetto al Pokémon medio, 18 carte; approvato da Giacomo"
Salamence,medio,"dai dati 10/10/2026: +114% rispetto al Pokémon medio, 11 carte; approvato da Giacomo"
Latias,medio,"dai dati 10/10/2026: +113% rispetto al Pokémon medio, 15 carte; approvato da Giacomo"
Blaziken,medio,"dai dati 10/10/2026: +106% rispetto al Pokémon medio, 11 carte; approvato da Giacomo"
Zoroark,medio,"dai dati 10/10/2026: +102% rispetto al Pokémon medio, 18 carte; approvato da Giacomo"
Scizor,medio,"dai dati 10/10/2026: +100% rispetto al Pokémon medio, 12 carte; approvato da Giacomo"
Celebi,medio,"dai dati 10/10/2026: +99% rispetto al Pokémon medio, 15 carte; approvato da Giacomo"
Blastoise,medio,"dai dati 10/10/2026: +95% rispetto al Pokémon medio, 18 carte; approvato da Giacomo"
Eevee,medio,"dai dati 10/10/2026: +91% rispetto al Pokémon medio, 55 carte; approvato da Giacomo"
Lucario,medio,"dai dati 10/10/2026: +89% rispetto al Pokémon medio, 30 carte; approvato da Giacomo"
Houndoom,medio,"dai dati 10/10/2026: +80% rispetto al Pokémon medio, 9 carte; approvato da Giacomo"
Moltres,medio,"dai dati 10/10/2026: +77% rispetto al Pokémon medio, 25 carte; approvato da Giacomo"
