fonte,lingua,rarita_originale,varianti_o_prodotti,rarita_armonizzata,perimetro,nota,stato
TCGdex,en,Common,5198,fuori,fuori,,approvata (10/10/2026)
TCGdex,en,Uncommon,2795,fuori,fuori,,approvata (10/10/2026)
TCGdex,en,Rare,2430,fuori,fuori,,approvata (10/10/2026)
TCGdex,en,Promo,1116,promo,dentro,,approvata (10/10/2026)
TCGdex,en,Ultra Rare,802,fuori,fuori,"full art normale (fuori), tranne le alternate art di Spada e Scudo -> SIR",approvata (10/10/2026)
TCGdex,en,Holo Rare,525,fuori,fuori,,approvata (10/10/2026)
TCGdex,en,Illustration rare,515,illustration rare,dentro,,approvata (10/10/2026)
TCGdex,en,Double rare,440,fuori,fuori,,approvata (10/10/2026)
TCGdex,en,Secret Rare,312,gold-hyper-rainbow,dentro,SM/SWSH: arcobaleno e dorate (alternate art riconosciute a parte),approvata (10/10/2026)
TCGdex,en,Shiny rare,304,shiny,dentro,,approvata (10/10/2026)
TCGdex,en,Holo Rare V,254,fuori,fuori,,approvata (10/10/2026)
TCGdex,en,,202,fuori,fuori,,approvata (10/10/2026)
TCGdex,en,Special illustration rare,168,special illustration rare,dentro,,approvata (10/10/2026)
TCGdex,en,Holo Rare VMAX,99,fuori,fuori,,approvata (10/10/2026)
TCGdex,en,Hyper rare,45,gold-hyper-rainbow,dentro,SV: carte dorate,approvata (10/10/2026)
TCGdex,en,Holo Rare VSTAR,40,fuori,fuori,,approvata (10/10/2026)
TCGdex,en,Pikachu Rare,30,fuori,fuori,,approvata (10/10/2026)
TCGdex,en,Classic Collection,22,promo,dentro,ristampe Classic Collection,approvata (10/10/2026)
TCGdex,en,Radiant Rare,15,fuori,fuori,,approvata (10/10/2026)
TCGdex,en,Shiny Ultra Rare,12,shiny,dentro,,approvata (10/10/2026)
TCGdex,en,Amazing Rare,9,fuori,fuori,,approvata (10/10/2026)
TCGdex,en,Shiny rare V,9,shiny,dentro,,approvata (10/10/2026)
TCGdex,en,Mega Hyper Rare,8,gold-hyper-rainbow,dentro,,approvata (10/10/2026)
TCGdex,en,Mega Attack Rare,7,da verificare,da verificare,rarita' nuova (era Mega),approvata (10/10/2026)
TCGdex,en,Shiny rare VMAX,7,shiny,dentro,,approvata (10/10/2026)
TCGdex,en,Black White Rare,4,da verificare,da verificare,rarita' nuova (Black Bolt / White Flare),approvata (10/10/2026)
TCGdex,en,RGB Rare,3,da verificare,da verificare,rarita' nuova,approvata (10/10/2026)
TCGdex,en,Futuristic Rare,2,da verificare,da verificare,rarita' nuova,approvata (10/10/2026)
TCGdex,ja,Common,2703,fuori,fuori,,approvata (10/10/2026)
TCGdex,ja,,2214,fuori,fuori,,approvata (10/10/2026)
TCGdex,ja,Uncommon,1355,fuori,fuori,,approvata (10/10/2026)
TCGdex,ja,Rare,664,fuori,fuori,,approvata (10/10/2026)
TCGdex,ja,Double rare,635,fuori,fuori,,approvata (10/10/2026)
TCGdex,ja,(vuota),611,mancante,vedi nota,rarita' assente: si cerca in TCGplayer (set + numero),approvata (10/10/2026)
TCGdex,ja,Ultra Rare,468,gold-hyper-rainbow,dentro,giapponese: UR = dorata -> gold-hyper-rainbow,approvata (10/10/2026)
TCGdex,ja,Illustration rare,395,illustration rare,dentro,,approvata (10/10/2026)
TCGdex,ja,Promo,213,promo,dentro,,approvata (10/10/2026)
TCGdex,ja,Hyper rare,171,gold-hyper-rainbow,dentro,SV: carte dorate,approvata (10/10/2026)
TCGdex,ja,Special illustration rare,115,special illustration rare,dentro,,approvata (10/10/2026)
TCGdex,ja,Triple Rare,65,fuori,fuori,,approvata (10/10/2026)
TCGdex,ja,Character Rare,52,character rare,dentro,CHR giapponese,approvata (10/10/2026)
TCGdex,ja,Mega Hyper Rare,48,gold-hyper-rainbow,dentro,,approvata (10/10/2026)
TCGdex,ja,Character Super Rare,46,character super rare,dentro,CSR giapponese (separata dalla CHR il 9/10/2026),approvata (10/10/2026)
TCGdex,ja,Secret Rare,46,da verificare,da verificare,Secret Rare giapponese su TCGdex: controllare caso per caso,approvata (10/10/2026)
TCGdex,ja,Classic Collection,28,promo,dentro,ristampe Classic Collection,approvata (10/10/2026)
TCGdex,ja,Rare Holo,28,fuori,fuori,,approvata (10/10/2026)
TCGdex,ja,Holo Rare,13,fuori,fuori,,approvata (10/10/2026)
TCGdex,ja,Radiant Rare,12,fuori,fuori,,approvata (10/10/2026)
TCGdex,ja,Shiny Ultra Rare,8,shiny,dentro,,approvata (10/10/2026)
TCGdex,ja,RGB Rare,3,da verificare,da verificare,rarita' nuova,approvata (10/10/2026)
TCGdex,ja,Black White Rare,2,da verificare,da verificare,rarita' nuova (Black Bolt / White Flare),approvata (10/10/2026)
TCGdex,ja,Futuristic Rare,2,da verificare,da verificare,rarita' nuova,approvata (10/10/2026)
TCGplayer,en,Uncommon,4123,fuori,fuori,,approvata (10/10/2026)
TCGplayer,en,Common,3917,fuori,fuori,,approvata (10/10/2026)
TCGplayer,en,Promo,2242,promo,dentro,,approvata (10/10/2026)
TCGplayer,en,Ultra Rare,1923,fuori,fuori,"full art normale (fuori), tranne le alternate art di Spada e Scudo -> SIR",approvata (10/10/2026)
TCGplayer,en,Rare,1815,fuori,fuori,,approvata (10/10/2026)
TCGplayer,en,Holo Rare,626,fuori,fuori,,approvata (10/10/2026)
TCGplayer,en,Illustration Rare,517,illustration rare,dentro,,approvata (10/10/2026)
TCGplayer,en,Secret Rare,497,gold-hyper-rainbow,dentro,SM/SWSH: arcobaleno e dorate (alternate art riconosciute a parte),approvata (10/10/2026)
TCGplayer,en,Double Rare,484,fuori,fuori,,approvata (10/10/2026)
TCGplayer,en,Special Illustration Rare,232,special illustration rare,dentro,,approvata (10/10/2026)
TCGplayer,en,Shiny Holo Rare,223,shiny,dentro,Shiny Vault,approvata (10/10/2026)
TCGplayer,en,Classic Collection,158,promo,dentro,ristampe Classic Collection,approvata (10/10/2026)
TCGplayer,en,Shiny Rare,120,shiny,dentro,,approvata (10/10/2026)
TCGplayer,en,Hyper Rare,74,gold-hyper-rainbow,dentro,HR giapponese (arcobaleno) o hyper SV,approvata (10/10/2026)
TCGplayer,en,ACE SPEC Rare,58,fuori,fuori,,approvata (10/10/2026)
TCGplayer,en,Rainbow Rare,36,gold-hyper-rainbow,dentro,,approvata (10/10/2026)
TCGplayer,en,Radiant Rare,33,fuori,fuori,,approvata (10/10/2026)
TCGplayer,en,Prism Rare,33,fuori,fuori,,approvata (10/10/2026)
TCGplayer,en,Pikachu Rare,30,fuori,fuori,,approvata (10/10/2026)
TCGplayer,en,Unconfirmed,18,fuori,fuori,,approvata (10/10/2026)
TCGplayer,en,Shiny Ultra Rare,12,shiny,dentro,,approvata (10/10/2026)
TCGplayer,en,Futuristic Rare,10,da verificare,da verificare,rarita' nuova,approvata (10/10/2026)
TCGplayer,en,Amazing Rare,9,fuori,fuori,,approvata (10/10/2026)
TCGplayer,en,Mega Hyper Rare,8,gold-hyper-rainbow,dentro,,approvata (10/10/2026)
TCGplayer,en,Mega Attack Rare,7,da verificare,da verificare,rarita' nuova (era Mega),approvata (10/10/2026)
TCGplayer,en,Rare BREAK,6,fuori,fuori,,approvata (10/10/2026)
TCGplayer,en,Black White Rare,4,da verificare,da verificare,rarita' nuova (Black Bolt / White Flare),approvata (10/10/2026)
TCGplayer,en,RGB Rare,3,da verificare,da verificare,rarita' nuova,approvata (10/10/2026)
TCGplayer,en,Rare Ace,1,fuori,fuori,,approvata (10/10/2026)
TCGplayer,ja,Common,5161,fuori,fuori,,approvata (10/10/2026)
TCGplayer,ja,,4466,fuori,fuori,,approvata (10/10/2026)
TCGplayer,ja,Uncommon,2402,fuori,fuori,,approvata (10/10/2026)
TCGplayer,ja,(vuota),1748,mancante,vedi nota,rarita' assente: si cerca in TCGplayer (set + numero),approvata (10/10/2026)
TCGplayer,ja,Super Rare,1005,fuori,fuori,,approvata (10/10/2026)
TCGplayer,ja,Rare,822,fuori,fuori,,approvata (10/10/2026)
TCGplayer,ja,Double Rare,758,fuori,fuori,,approvata (10/10/2026)
TCGplayer,ja,Art Rare,569,illustration rare,dentro,AR giapponese,approvata (10/10/2026)
TCGplayer,ja,Hyper Rare,332,gold-hyper-rainbow,dentro,HR giapponese (arcobaleno) o hyper SV,approvata (10/10/2026)
TCGplayer,ja,Ultra Rare,284,gold-hyper-rainbow,dentro,giapponese: UR = dorata -> gold-hyper-rainbow,approvata (10/10/2026)
TCGplayer,ja,Shiny Rare,278,shiny,dentro,,approvata (10/10/2026)
TCGplayer,ja,Special Art Rare,270,special illustration rare,dentro,SAR giapponese,approvata (10/10/2026)
TCGplayer,ja,Promo,213,promo,dentro,,approvata (10/10/2026)
TCGplayer,ja,Triple Rare,134,fuori,fuori,,approvata (10/10/2026)
TCGplayer,ja,Shiny Secret Rare,79,shiny,dentro,SSR giapponese,approvata (10/10/2026)
TCGplayer,ja,Character Rare,58,character rare,dentro,CHR giapponese,approvata (10/10/2026)
TCGplayer,ja,Prism Rare,49,fuori,fuori,,approvata (10/10/2026)
TCGplayer,ja,Character Super Rare,48,character super rare,dentro,CSR giapponese (separata dalla CHR il 9/10/2026),approvata (10/10/2026)
TCGplayer,ja,Trainer Rare,36,fuori,fuori,,approvata (10/10/2026)
TCGplayer,ja,ACE Rare,33,fuori,fuori,,approvata (10/10/2026)
TCGplayer,ja,Pikachu Rare,30,fuori,fuori,,approvata (10/10/2026)
TCGplayer,ja,Classic Collection,25,promo,dentro,ristampe Classic Collection,approvata (10/10/2026)
TCGplayer,ja,Kagayaku,19,fuori,fuori,,approvata (10/10/2026)
TCGplayer,ja,Futuristic Rare,10,da verificare,da verificare,rarita' nuova,approvata (10/10/2026)
TCGplayer,ja,Mega Attack Rare,10,da verificare,da verificare,rarita' nuova (era Mega),approvata (10/10/2026)
TCGplayer,ja,Amazing Rare,9,fuori,fuori,,approvata (10/10/2026)
TCGplayer,ja,Shining,9,fuori,fuori,,approvata (10/10/2026)
TCGplayer,ja,Mega Ultra Rare,8,gold-hyper-rainbow,dentro,,approvata (10/10/2026)
TCGplayer,ja,RGB Rare,3,da verificare,da verificare,rarita' nuova,approvata (10/10/2026)
TCGplayer,ja,Black White Rare,2,da verificare,da verificare,rarita' nuova (Black Bolt / White Flare),approvata (10/10/2026)
TCGplayer,ja,Holo Rare,2,fuori,fuori,,approvata (10/10/2026)
