rilascio,lingua,id,nome,nome_inglese,set,numero,prezzo_riferimento_eur,indizi_tcgplayer,cerca_su_google
,en,swshp-SWSH177,Special Delivery Bidoof,Special Delivery Bidoof,SWSH Black Star Promos,SWSH177,1095.52,Special Delivery Bidoof,https://www.google.com/search?q=Special+Delivery+Bidoof+SWSH177+promo+pokemon+distribution
,en,swshp-SWSH074,Special Delivery Pikachu,Special Delivery Pikachu,SWSH Black Star Promos,SWSH074,1025.73,Special Delivery Pikachu - SWSH074,https://www.google.com/search?q=Special+Delivery+Pikachu+SWSH074+promo+pokemon+distribution
,en,svp-085,Pikachu with Grey Felt Hat,Pikachu with Grey Felt Hat,SVP Black Star Promos,085,667.21,Pikachu with Grey Felt Hat,https://www.google.com/search?q=Pikachu+with+Grey+Felt+Hat+085+promo+pokemon+distribution
,ja,SV-P-288,ビクティニ,Victini,スカーレット&バイオレット プロモカード,288,504.46,Victini - 288/SV-P,https://www.google.com/search?q=Victini+288+promo+pokemon+distribution
,ja,M-P-132,ピカチュウex,ピカチュウex,メガ プロモカード,132,379.99,,https://www.google.com/search?q=nan+132+promo+pokemon+distribution
,en,smp-SM191,Mewtwo & Mew GX,Mewtwo & Mew GX,SM Black Star Promos,SM191,267.61,Mewtwo & Mew GX - SM191,https://www.google.com/search?q=Mewtwo+%26+Mew+GX+SM191+promo+pokemon+distribution
,ja,SV-P-218,ピカチュウ,Pikachu,スカーレット&バイオレット プロモカード,218,249.99,Pikachu - 218/SV-P,https://www.google.com/search?q=Pikachu+218+promo+pokemon+distribution
,ja,M-P-043,ロケット団のミュウツーex,Team Rocket's Mewtwo ex,メガ プロモカード,043,242.78,Team Rocket's Mewtwo ex - 043/M-P,https://www.google.com/search?q=Team+Rocket%27s+Mewtwo+ex+043+promo+pokemon+distribution
,en,smp-SM241,Umbreon & Darkrai GX,Umbreon & Darkrai GX,SM Black Star Promos,SM241,239.57,Umbreon & Darkrai GX - SM241,https://www.google.com/search?q=Umbreon+%26+Darkrai+GX+SM241+promo+pokemon+distribution
,en,smp-SM168,Pikachu & Zekrom GX,Pikachu & Zekrom GX,SM Black Star Promos,SM168,236.77,Pikachu & Zekrom GX,https://www.google.com/search?q=Pikachu+%26+Zekrom+GX+SM168+promo+pokemon+distribution
,en,smp-SM248,Pikachu & Zekrom GX,Pikachu & Zekrom GX,SM Black Star Promos,SM248,236.77,Pikachu & Zekrom GX - SM248,https://www.google.com/search?q=Pikachu+%26+Zekrom+GX+SM248+promo+pokemon+distribution
,ja,SV-P-098,名探偵ピカチュウ,Detective Pikachu,スカーレット&バイオレット プロモカード,098,223.1,Detective Pikachu - 098/SV-P,https://www.google.com/search?q=Detective+Pikachu+098+promo+pokemon+distribution
,ja,SV-P-067,ブラッキー,Umbreon,スカーレット&バイオレット プロモカード,067,214.15,Umbreon - 067/SV-P,https://www.google.com/search?q=Umbreon+067+promo+pokemon+distribution
,en,smp-SM193,Garchomp & Giratina GX,Garchomp & Giratina GX,SM Black Star Promos,SM193,201.64,Garchomp & Giratina GX - SM193,https://www.google.com/search?q=Garchomp+%26+Giratina+GX+SM193+promo+pokemon+distribution
,en,smp-SM158,Charizard,Charizard,SM Black Star Promos,SM158,187.49,Charizard - SM158 [Staff] | Charizard - SM158,https://www.google.com/search?q=Charizard+SM158+promo+pokemon+distribution
,en,smp-SM226,Charizard,Charizard,SM Black Star Promos,SM226,187.49,Charizard - SM226,https://www.google.com/search?q=Charizard+SM226+promo+pokemon+distribution
,en,smp-SM167,Celebi & Venusaur GX,Celebi & Venusaur GX,SM Black Star Promos,SM167,181.95,Celebi & Venusaur GX - SM167,https://www.google.com/search?q=Celebi+%26+Venusaur+GX+SM167+promo+pokemon+distribution
,en,smp-SM169,Eevee & Snorlax GX,Eevee & Snorlax GX,SM Black Star Promos,SM169,169.41,Eevee & Snorlax GX - SM169,https://www.google.com/search?q=Eevee+%26+Snorlax+GX+SM169+promo+pokemon+distribution
,en,swshp-SWSH052,Gengar,Gengar,SWSH Black Star Promos,SWSH052,158.9,Gengar - SWSH052,https://www.google.com/search?q=Gengar+SWSH052+promo+pokemon+distribution
,en,smp-SM162,Pikachu,Pikachu,SM Black Star Promos,SM162,157.68,Pikachu - SM162,https://www.google.com/search?q=Pikachu+SM162+promo+pokemon+distribution
,ja,SV-P-066,エーフィ,Espeon,スカーレット&バイオレット プロモカード,066,149.99,Espeon - 066/SV-P,https://www.google.com/search?q=Espeon+066+promo+pokemon+distribution
,ja,SV-P-260,トウホクのピカチュウ,Tohoku's Pikachu,スカーレット&バイオレット プロモカード,260,149.9,Tohoku's Pikachu - 260/SV-P,https://www.google.com/search?q=Tohoku%27s+Pikachu+260+promo+pokemon+distribution
,en,swshp-SWSH020,Pikachu,Pikachu,SWSH Black Star Promos,SWSH020,147.53,Pikachu - SWSH020,https://www.google.com/search?q=Pikachu+SWSH020+promo+pokemon+distribution
,en,swshp-SWSH075,Special Delivery Charizard,Special Delivery Charizard,SWSH Black Star Promos,SWSH075,146.82,Special Delivery Charizard - SWSH075,https://www.google.com/search?q=Special+Delivery+Charizard+SWSH075+promo+pokemon+distribution
,en,swshp-SWSH182,Vaporeon VMAX,Vaporeon VMAX,SWSH Black Star Promos,SWSH182,146.62,Vaporeon VMAX - SWSH182,https://www.google.com/search?q=Vaporeon+VMAX+SWSH182+promo+pokemon+distribution
,en,smp-SM240,Espeon & Deoxys GX,Espeon & Deoxys GX,SM Black Star Promos,SM240,146.48,Espeon & Deoxys GX - SM240,https://www.google.com/search?q=Espeon+%26+Deoxys+GX+SM240+promo+pokemon+distribution
,en,swshp-SWSH184,Jolteon VMAX,Jolteon VMAX,SWSH Black Star Promos,SWSH184,143.15,Jolteon VMAX - SWSH184,https://www.google.com/search?q=Jolteon+VMAX+SWSH184+promo+pokemon+distribution
,ja,SV-P-048,ミライドン,Miraidon,スカーレット&バイオレット プロモカード,048,131.42,Miraidon - 048/SV-P,https://www.google.com/search?q=Miraidon+048+promo+pokemon+distribution
,en,swshp-SWSH181,Vaporeon V,Vaporeon V,SWSH Black Star Promos,SWSH181,112.56,Vaporeon V - SWSH181,https://www.google.com/search?q=Vaporeon+V+SWSH181+promo+pokemon+distribution
,ja,SV-P-289,フクオカのピカチュウ,Fukuoka's Pikachu,スカーレット&バイオレット プロモカード,289,111.04,Fukuoka's Pikachu - 289/SV-P,https://www.google.com/search?q=Fukuoka%27s+Pikachu+289+promo+pokemon+distribution
,en,smp-SM229,Venusaur & Snivy GX,Venusaur & Snivy GX,SM Black Star Promos,SM229,110.84,Venusaur & Snivy GX - SM229,https://www.google.com/search?q=Venusaur+%26+Snivy+GX+SM229+promo+pokemon+distribution
,en,smp-SM228,Armored Mewtwo,Armored Mewtwo,SM Black Star Promos,SM228,108.82,Armored Mewtwo - SM228,https://www.google.com/search?q=Armored+Mewtwo+SM228+promo+pokemon+distribution
,en,smp-SM210,Moltres & Zapdos & Articuno GX,Moltres & Zapdos & Articuno GX,SM Black Star Promos,SM210,107.23,Moltres & Zapdos & Articuno GX,https://www.google.com/search?q=Moltres+%26+Zapdos+%26+Articuno+GX+SM210+promo+pokemon+distribution
,en,smp-SM247,Reshiram & Charizard GX,Reshiram & Charizard GX,SM Black Star Promos,SM247,103.14,Reshiram & Charizard GX - SM247,https://www.google.com/search?q=Reshiram+%26+Charizard+GX+SM247+promo+pokemon+distribution
,en,smp-SM201,Reshiram & Charizard GX,Reshiram & Charizard GX,SM Black Star Promos,SM201,103.14,Reshiram & Charizard GX - SM201,https://www.google.com/search?q=Reshiram+%26+Charizard+GX+SM201+promo+pokemon+distribution
,ja,SV-P-261,ヒロシマのピカチュウ,Hiroshima's Pikachu,スカーレット&バイオレット プロモカード,261,99.54,Hiroshima's Pikachu - 261/SV-P,https://www.google.com/search?q=Hiroshima%27s+Pikachu+261+promo+pokemon+distribution
,en,svp-053,Mew ex,Mew ex,SVP Black Star Promos,053,95.74,Mew ex - 053,https://www.google.com/search?q=Mew+ex+053+promo+pokemon+distribution
,en,smp-SM163,Mimikyu,Mimikyu,SM Black Star Promos,SM163,95.46,Mimikyu - SM163,https://www.google.com/search?q=Mimikyu+SM163+promo+pokemon+distribution
,ja,SV-P-064,サンダース,Jolteon,スカーレット&バイオレット プロモカード,064,94.53,Jolteon - 064/SV-P,https://www.google.com/search?q=Jolteon+064+promo+pokemon+distribution
,ja,SV-P-063,シャワーズ,Vaporeon,スカーレット&バイオレット プロモカード,063,93.15,Vaporeon - 063/SV-P,https://www.google.com/search?q=Vaporeon+063+promo+pokemon+distribution
,ja,SV-P-070,ニンフィア,Sylveon,スカーレット&バイオレット プロモカード,070,91.57,Sylveon - 070/SV-P,https://www.google.com/search?q=Sylveon+070+promo+pokemon+distribution
,en,smp-SM82,Shining Lugia,Shining Lugia,SM Black Star Promos,SM82,91.34,Shining Lugia - SM82,https://www.google.com/search?q=Shining+Lugia+SM82+promo+pokemon+distribution
,ja,SV-P-049,コライドン,Koraidon,スカーレット&バイオレット プロモカード,049,90.07,Koraidon - 049/SV-P,https://www.google.com/search?q=Koraidon+049+promo+pokemon+distribution
,en,smp-SM233,Eevee GX,Eevee GX,SM Black Star Promos,SM233,87.44,Eevee GX - SM233,https://www.google.com/search?q=Eevee+GX+SM233+promo+pokemon+distribution
,en,smp-SM242,Eevee GX,Eevee GX,SM Black Star Promos,SM242,87.44,Eevee GX - SM242,https://www.google.com/search?q=Eevee+GX+SM242+promo+pokemon+distribution
,en,smp-SM176,Eevee GX,Eevee GX,SM Black Star Promos,SM176,87.44,Eevee GX - SM176,https://www.google.com/search?q=Eevee+GX+SM176+promo+pokemon+distribution
,en,smp-SM175,Eevee GX,Eevee GX,SM Black Star Promos,SM175,87.44,Eevee GX - SM175,https://www.google.com/search?q=Eevee+GX+SM175+promo+pokemon+distribution
,en,smp-SM174,Eevee GX,Eevee GX,SM Black Star Promos,SM174,87.44,Eevee GX - SM174,https://www.google.com/search?q=Eevee+GX+SM174+promo+pokemon+distribution
,en,svp-190,Pikachu,Pikachu,SVP Black Star Promos,190,85.38,Pikachu - 190,https://www.google.com/search?q=Pikachu+190+promo+pokemon+distribution
,ja,SV-P-069,グレイシア,Glaceon,スカーレット&バイオレット プロモカード,069,82.72,Glaceon - 069/SV-P,https://www.google.com/search?q=Glaceon+069+promo+pokemon+distribution
,ja,SV-P-074,ピカチュウ,Pikachu,スカーレット&バイオレット プロモカード,074,82.07,Pikachu - 074/SV-P,https://www.google.com/search?q=Pikachu+074+promo+pokemon+distribution
,en,smp-SM195,Charizard GX,Charizard GX,SM Black Star Promos,SM195,81.61,Charizard GX - SM195,https://www.google.com/search?q=Charizard+GX+SM195+promo+pokemon+distribution
,ja,SV-P-065,ブースター,Flareon,スカーレット&バイオレット プロモカード,065,81.5,Flareon - 065/SV-P,https://www.google.com/search?q=Flareon+065+promo+pokemon+distribution
,ja,SV-P-192,ニャース,Meowth,スカーレット&バイオレット プロモカード,192,80.93,Meowth,https://www.google.com/search?q=Meowth+192+promo+pokemon+distribution
,en,swshp-SWSH179,Flareon V,Flareon V,SWSH Black Star Promos,SWSH179,77.02,Flareon V - SWSH179,https://www.google.com/search?q=Flareon+V+SWSH179+promo+pokemon+distribution
,en,swshp-SWSH183,Jolteon V,Jolteon V,SWSH Black Star Promos,SWSH183,76.28,Jolteon V - SWSH183,https://www.google.com/search?q=Jolteon+V+SWSH183+promo+pokemon+distribution
,ja,SV-P-068,リーフィア,Leafeon,スカーレット&バイオレット プロモカード,068,66.2,Leafeon - 068/SV-P,https://www.google.com/search?q=Leafeon+068+promo+pokemon+distribution
,en,smp-SM230,Charizard & Braixen GX,Charizard & Braixen GX,SM Black Star Promos,SM230,64.82,Charizard & Braixen GX - SM230,https://www.google.com/search?q=Charizard+%26+Braixen+GX+SM230+promo+pokemon+distribution
,en,swshp-SWSH262,Charizard VSTAR,Charizard VSTAR,SWSH Black Star Promos,SWSH262,64.12,Charizard VSTAR - SWSH262,https://www.google.com/search?q=Charizard+VSTAR+SWSH262+promo+pokemon+distribution
,en,smp-SM98,Pikachu,Pikachu,SM Black Star Promos,SM98,63.51,Pikachu - SM98,https://www.google.com/search?q=Pikachu+SM98+promo+pokemon+distribution
,en,svp-052,Mewtwo,Mewtwo,SVP Black Star Promos,052,60.32,Mewtwo - 052,https://www.google.com/search?q=Mewtwo+052+promo+pokemon+distribution
,en,smp-SM170,Detective Pikachu,Detective Pikachu,SM Black Star Promos,SM170,55.12,Detective Pikachu - SM170 | Detective Pikachu - SM170 (Stamped),https://www.google.com/search?q=Detective+Pikachu+SM170+promo+pokemon+distribution
,ja,SV-P-108,サンダーex,Zapdos ex,スカーレット&バイオレット プロモカード,108,53.77,Zapdos ex - 108/SV-P,https://www.google.com/search?q=Zapdos+ex+108+promo+pokemon+distribution
,en,smp-SM36,Umbreon GX,Umbreon GX,SM Black Star Promos,SM36,53.54,Umbreon GX - SM36,https://www.google.com/search?q=Umbreon+GX+SM36+promo+pokemon+distribution
,en,smp-SM192,Lucario & Melmetal GX,Lucario & Melmetal GX,SM Black Star Promos,SM192,52.98,Lucario & Melmetal GX - SM192,https://www.google.com/search?q=Lucario+%26+Melmetal+GX+SM192+promo+pokemon+distribution
,en,smp-SM99,Mimikyu,Mimikyu,SM Black Star Promos,SM99,52.85,Mimikyu - SM99,https://www.google.com/search?q=Mimikyu+SM99+promo+pokemon+distribution
,en,smp-SM79,Shining Celebi,Shining Celebi,SM Black Star Promos,SM79,52.01,Shining Celebi - SM79,https://www.google.com/search?q=Shining+Celebi+SM79+promo+pokemon+distribution
,en,swshp-SWSH260,Charizard V,Charizard V,SWSH Black Star Promos,SWSH260,51.24,Charizard V - SWSH260,https://www.google.com/search?q=Charizard+V+SWSH260+promo+pokemon+distribution
,en,swshp-SWSH180,Flareon VMAX,Flareon VMAX,SWSH Black Star Promos,SWSH180,50.4,Flareon VMAX - SWSH180,https://www.google.com/search?q=Flareon+VMAX+SWSH180+promo+pokemon+distribution
,en,svp-044,Charmander,Charmander,SVP Black Star Promos,044,48.97,Charmander - 044 | Charmander - 044 (Pokemon Center Exclusive),https://www.google.com/search?q=Charmander+044+promo+pokemon+distribution
,en,smp-SM86,Pikachu,Pikachu,SM Black Star Promos,SM86,47.43,Pikachu - SM86,https://www.google.com/search?q=Pikachu+SM86+promo+pokemon+distribution
,en,svp-131,Kingdra ex,Kingdra ex,SVP Black Star Promos,131,45.52,Kingdra ex - 131,https://www.google.com/search?q=Kingdra+ex+131+promo+pokemon+distribution
,en,smp-SM70,Shining Ho-Oh,Shining Ho-Oh,SM Black Star Promos,SM70,45.4,Shining Ho-Oh - SM70,https://www.google.com/search?q=Shining+Ho-Oh+SM70+promo+pokemon+distribution
,en,mep-023,Mega Charizard X ex,Mega Charizard X ex,MEP Black Star Promos,023,44.57,Mega Charizard X ex - 023,https://www.google.com/search?q=Mega+Charizard+X+ex+023+promo+pokemon+distribution
,en,smp-SM197,Greninja GX,Greninja GX,SM Black Star Promos,SM197,40.94,Greninja GX - SM197,https://www.google.com/search?q=Greninja+GX+SM197+promo+pokemon+distribution
,ja,SV-P-001,ピカチュウ,Pikachu,スカーレット&バイオレット プロモカード,001,39.78,Pikachu - 001/SV-P,https://www.google.com/search?q=Pikachu+001+promo+pokemon+distribution
,ja,SV-P-197,ピカチュウ,Pikachu,スカーレット&バイオレット プロモカード,197,38.52,Pikachu - 197/SV-P,https://www.google.com/search?q=Pikachu+197+promo+pokemon+distribution
,ja,SV-P-119,ラティアス,Latias,スカーレット&バイオレット プロモカード,119,38.51,Latias - 119/SV-P,https://www.google.com/search?q=Latias+119+promo+pokemon+distribution
,ja,M-P-020,ピカチュウ,Pikachu,メガ プロモカード,020,38.4,Pikachu - 020/M-P,https://www.google.com/search?q=Pikachu+020+promo+pokemon+distribution
,ja,SV-P-071,モクロー,Rowlet,スカーレット&バイオレット プロモカード,071,38.31,Rowlet - 071/SV-P,https://www.google.com/search?q=Rowlet+071+promo+pokemon+distribution
,ja,SV-P-254,ヒビキのホウオウex,ヒビキのホウオウex,スカーレット&バイオレット プロモカード,254,38.28,,https://www.google.com/search?q=nan+254+promo+pokemon+distribution
,en,swshp-SWSH261,Charizard VMAX,Charizard VMAX,SWSH Black Star Promos,SWSH261,38.02,Charizard VMAX - SWSH261,https://www.google.com/search?q=Charizard+VMAX+SWSH261+promo+pokemon+distribution
,en,svp-132,Greninja ex,Greninja ex,SVP Black Star Promos,132,37.87,Greninja ex - 132,https://www.google.com/search?q=Greninja+ex+132+promo+pokemon+distribution
,en,smp-SM206,Pikachu,Pikachu,SM Black Star Promos,SM206,37.21,Pikachu - SM206,https://www.google.com/search?q=Pikachu+SM206+promo+pokemon+distribution
,en,smp-SM161,Jirachi,Jirachi,SM Black Star Promos,SM161,36.89,Jirachi - SM161 [Staff] | Jirachi - SM161,https://www.google.com/search?q=Jirachi+SM161+promo+pokemon+distribution
,en,swshp-SWSH076,Zacian V,Zacian V,SWSH Black Star Promos,SWSH076,36.23,Zacian V - SWSH076,https://www.google.com/search?q=Zacian+V+SWSH076+promo+pokemon+distribution
,en,smp-SM76,Pikachu,Pikachu,SM Black Star Promos,SM76,34.65,Pikachu - SM76,https://www.google.com/search?q=Pikachu+SM76+promo+pokemon+distribution
,en,smp-SM04,Pikachu,Pikachu,SM Black Star Promos,SM04,34.65,Pikachu - SM04 | Pikachu - SM04 (Target Non-Holo),https://www.google.com/search?q=Pikachu+SM04+promo+pokemon+distribution
,en,smp-SM81,Pikachu,Pikachu,SM Black Star Promos,SM81,34.65,Pikachu - SM81,https://www.google.com/search?q=Pikachu+SM81+promo+pokemon+distribution
,en,smp-SM156,Dragonite GX,Dragonite GX,SM Black Star Promos,SM156,34.36,Dragonite GX - SM156,https://www.google.com/search?q=Dragonite+GX+SM156+promo+pokemon+distribution
,en,swshp-SWSH077,Zamazenta V,Zamazenta V,SWSH Black Star Promos,SWSH077,34.17,Zamazenta V - SWSH077,https://www.google.com/search?q=Zamazenta+V+SWSH077+promo+pokemon+distribution
,en,mep-027,Haunter,Haunter,MEP Black Star Promos,027,33.12,Haunter  - 027,https://www.google.com/search?q=Haunter+027+promo+pokemon+distribution
,en,svp-176,Umbreon ex,Umbreon ex,SVP Black Star Promos,176,31.8,Umbreon ex - 176,https://www.google.com/search?q=Umbreon+ex+176+promo+pokemon+distribution
,en,mep-038,Charmander,Charmander,MEP Black Star Promos,038,31.46,Charmander - 038,https://www.google.com/search?q=Charmander+038+promo+pokemon+distribution
,en,svp-206,Marnie's Morpeko,Marnie's Morpeko,SVP Black Star Promos,206,31.11,Marnie's Morpeko,https://www.google.com/search?q=Marnie%27s+Morpeko+206+promo+pokemon+distribution
,ja,SV-P-242,ピカチュウ,Pikachu,スカーレット&バイオレット プロモカード,242,30.62,Pikachu - 242,https://www.google.com/search?q=Pikachu+242+promo+pokemon+distribution
,en,mep-039,Squirtle,Squirtle,MEP Black Star Promos,039,29.64,Squirtle - 039,https://www.google.com/search?q=Squirtle+039+promo+pokemon+distribution
,en,svp-088,Pikachu,Pikachu,SVP Black Star Promos,088,29.63,Pikachu - 088,https://www.google.com/search?q=Pikachu+088+promo+pokemon+distribution
,en,smp-SM108,Ash's Pikachu,Ash's Pikachu,SM Black Star Promos,SM108,29.16,Ash's Pikachu - SM108,https://www.google.com/search?q=Ash%27s+Pikachu+SM108+promo+pokemon+distribution
,ja,M-P-054,デデンネGX,Dedenne GX,メガ プロモカード,054,29.13,Dedenne GX - 054/M-P,https://www.google.com/search?q=Dedenne+GX+054+promo+pokemon+distribution
,ja,SV-P-255,シロナのガブリアスex,Cynthia's Garchomp ex,スカーレット&バイオレット プロモカード,255,29.0,Cynthia's Garchomp ex - 255/SV-P,https://www.google.com/search?q=Cynthia%27s+Garchomp+ex+255+promo+pokemon+distribution
,en,smp-SM113,Ash's Pikachu,Ash's Pikachu,SM Black Star Promos,SM113,27.44,Ash's Pikachu - SM113,https://www.google.com/search?q=Ash%27s+Pikachu+SM113+promo+pokemon+distribution
,en,smp-SM60,Charizard GX,Charizard GX,SM Black Star Promos,SM60,27.32,Charizard GX - SM60,https://www.google.com/search?q=Charizard+GX+SM60+promo+pokemon+distribution
,en,mep-037,Bulbasaur,Bulbasaur,MEP Black Star Promos,037,27.01,Bulbasaur - 037,https://www.google.com/search?q=Bulbasaur+037+promo+pokemon+distribution
,en,smp-SM157,Pikachu,Pikachu,SM Black Star Promos,SM157,26.8,Pikachu - SM157,https://www.google.com/search?q=Pikachu+SM157+promo+pokemon+distribution
,en,smp-SM141,White Kyurem GX,White Kyurem GX,SM Black Star Promos,SM141,26.45,White Kyurem GX - SM141,https://www.google.com/search?q=White+Kyurem+GX+SM141+promo+pokemon+distribution
,en,smp-SM110,Ash's Pikachu,Ash's Pikachu,SM Black Star Promos,SM110,25.44,Ash's Pikachu - SM110,https://www.google.com/search?q=Ash%27s+Pikachu+SM110+promo+pokemon+distribution
,en,smp-SM227,Pikachu,Pikachu,SM Black Star Promos,SM227,24.14,Pikachu - SM227,https://www.google.com/search?q=Pikachu+SM227+promo+pokemon+distribution
,en,smp-SM114,Ash's Pikachu,Ash's Pikachu,SM Black Star Promos,SM114,23.85,Ash's Pikachu - SM114,https://www.google.com/search?q=Ash%27s+Pikachu+SM114+promo+pokemon+distribution
,en,smp-SM234,Pikachu,Pikachu,SM Black Star Promos,SM234,23.82,Pikachu - SM234,https://www.google.com/search?q=Pikachu+SM234+promo+pokemon+distribution
,en,smp-SM35,Espeon GX,Espeon GX,SM Black Star Promos,SM35,23.41,Espeon GX - SM35,https://www.google.com/search?q=Espeon+GX+SM35+promo+pokemon+distribution
,ja,SV-P-134,カイリューEX,Dragonite EX,スカーレット&バイオレット プロモカード,134,22.73,Dragonite EX - 134/SV-P,https://www.google.com/search?q=Dragonite+EX+134+promo+pokemon+distribution
,en,smp-SM183,Pikachu,Pikachu,SM Black Star Promos,SM183,22.5,Pikachu - SM183,https://www.google.com/search?q=Pikachu+SM183+promo+pokemon+distribution
,en,svp-027,Pikachu,Pikachu,SVP Black Star Promos,027,22.28,Pikachu - 027 | Pikachu - 027 (Pokemon Center Exclusive),https://www.google.com/search?q=Pikachu+027+promo+pokemon+distribution
,en,smp-SM111,Ash's Pikachu,Ash's Pikachu,SM Black Star Promos,SM111,22.01,Ash's Pikachu - SM111,https://www.google.com/search?q=Ash%27s+Pikachu+SM111+promo+pokemon+distribution
,en,smp-SM215,Mew,Mew,SM Black Star Promos,SM215,21.89,Mew - SM215,https://www.google.com/search?q=Mew+SM215+promo+pokemon+distribution
,ja,SV-P-259,ロケット団のニャース,Team Rocket's Meowth,スカーレット&バイオレット プロモカード,259,21.61,Team Rocket's Meowth - 259/SV-P,https://www.google.com/search?q=Team+Rocket%27s+Meowth+259+promo+pokemon+distribution
,en,svp-051,Snorlax,Snorlax,SVP Black Star Promos,051,21.11,Snorlax - 051 | Snorlax - 051 (Pokemon Center Exclusive),https://www.google.com/search?q=Snorlax+051+promo+pokemon+distribution
,en,swshp-SWSH291,Lucario VSTAR,Lucario VSTAR,SWSH Black Star Promos,SWSH291,20.39,Lucario VSTAR - SWSH291,https://www.google.com/search?q=Lucario+VSTAR+SWSH291+promo+pokemon+distribution
,en,swshp-SWSH204,Arceus V,Arceus V,SWSH Black Star Promos,SWSH204,20.35,Arceus V - SWSH204,https://www.google.com/search?q=Arceus+V+SWSH204+promo+pokemon+distribution
,en,smp-SM109,Ash's Pikachu,Ash's Pikachu,SM Black Star Promos,SM109,20.28,Ash's Pikachu - SM109,https://www.google.com/search?q=Ash%27s+Pikachu+SM109+promo+pokemon+distribution
