lingua,id,nome,set_nome,prezzo_rif_eur,nomi_tcgp
en,swshp-SWSH177,Special Delivery Bidoof,SWSH Black Star Promos,1095.52,Special Delivery Bidoof
en,swshp-SWSH074,Special Delivery Pikachu,SWSH Black Star Promos,1025.73,Special Delivery Pikachu - SWSH074
en,svp-085,Pikachu with Grey Felt Hat,SVP Black Star Promos,667.21,Pikachu with Grey Felt Hat
ja,SV-P-288,ビクティニ,スカーレット&バイオレット プロモカード,504.46,Victini - 288/SV-P
en,swshp-SWSH074,Special Delivery Pikachu,SWSH Black Star Promos,478.31,Special Delivery Pikachu - SWSH074
ja,M-P-132,ピカチュウex,メガ プロモカード,379.99,
en,smp-SM191,Mewtwo & Mew GX,SM Black Star Promos,267.61,Mewtwo & Mew GX - SM191
ja,SV-P-218,ピカチュウ,スカーレット&バイオレット プロモカード,249.99,Pikachu - 218/SV-P
ja,M-P-043,ロケット団のミュウツーex,メガ プロモカード,242.78,Team Rocket's Mewtwo ex - 043/M-P
en,smp-SM241,Umbreon & Darkrai GX,SM Black Star Promos,239.57,Umbreon & Darkrai GX - SM241
en,smp-SM168,Pikachu & Zekrom GX,SM Black Star Promos,236.77,Pikachu & Zekrom GX
en,smp-SM248,Pikachu & Zekrom GX,SM Black Star Promos,236.77,Pikachu & Zekrom GX - SM248
ja,SV-P-098,名探偵ピカチュウ,スカーレット&バイオレット プロモカード,223.1,Detective Pikachu - 098/SV-P
ja,SV-P-067,ブラッキー,スカーレット&バイオレット プロモカード,214.15,Umbreon - 067/SV-P
en,smp-SM193,Garchomp & Giratina GX,SM Black Star Promos,201.64,Garchomp & Giratina GX - SM193
ja,SV-P-067,ブラッキー,スカーレット&バイオレット プロモカード,188.59,Umbreon - 067/SV-P
en,smp-SM158,Charizard,SM Black Star Promos,187.49,Charizard - SM158 [Staff] | Charizard - SM158
en,smp-SM226,Charizard,SM Black Star Promos,187.49,Charizard - SM226
en,smp-SM167,Celebi & Venusaur GX,SM Black Star Promos,181.95,Celebi & Venusaur GX - SM167
en,smp-SM226,Charizard,SM Black Star Promos,169.91,Charizard - SM226
en,smp-SM158,Charizard,SM Black Star Promos,169.91,Charizard - SM158 [Staff] | Charizard - SM158
en,smp-SM169,Eevee & Snorlax GX,SM Black Star Promos,169.41,Eevee & Snorlax GX - SM169
en,swshp-SWSH052,Gengar,SWSH Black Star Promos,158.9,Gengar - SWSH052
en,smp-SM162,Pikachu,SM Black Star Promos,157.68,Pikachu - SM162
ja,SV-P-066,エーフィ,スカーレット&バイオレット プロモカード,149.99,Espeon - 066/SV-P
ja,SV-P-260,トウホクのピカチュウ,スカーレット&バイオレット プロモカード,149.9,Tohoku's Pikachu - 260/SV-P
en,swshp-SWSH020,Pikachu,SWSH Black Star Promos,147.53,Pikachu - SWSH020
en,swshp-SWSH075,Special Delivery Charizard,SWSH Black Star Promos,146.82,Special Delivery Charizard - SWSH075
en,swshp-SWSH182,Vaporeon VMAX,SWSH Black Star Promos,146.62,Vaporeon VMAX - SWSH182
en,smp-SM240,Espeon & Deoxys GX,SM Black Star Promos,146.48,Espeon & Deoxys GX - SM240
en,swshp-SWSH184,Jolteon VMAX,SWSH Black Star Promos,143.15,Jolteon VMAX - SWSH184
ja,SV-P-048,ミライドン,スカーレット&バイオレット プロモカード,131.42,Miraidon - 048/SV-P
en,swshp-SWSH181,Vaporeon V,SWSH Black Star Promos,112.56,Vaporeon V - SWSH181
ja,SV-P-289,フクオカのピカチュウ,スカーレット&バイオレット プロモカード,111.04,Fukuoka's Pikachu - 289/SV-P
en,smp-SM229,Venusaur & Snivy GX,SM Black Star Promos,110.84,Venusaur & Snivy GX - SM229
en,smp-SM228,Armored Mewtwo,SM Black Star Promos,108.82,Armored Mewtwo - SM228
en,smp-SM210,Moltres & Zapdos & Articuno GX,SM Black Star Promos,107.23,Moltres & Zapdos & Articuno GX
en,smp-SM247,Reshiram & Charizard GX,SM Black Star Promos,103.14,Reshiram & Charizard GX - SM247
en,smp-SM201,Reshiram & Charizard GX,SM Black Star Promos,103.14,Reshiram & Charizard GX - SM201
ja,SV-P-261,ヒロシマのピカチュウ,スカーレット&バイオレット プロモカード,99.54,Hiroshima's Pikachu - 261/SV-P
ja,SV-P-066,エーフィ,スカーレット&バイオレット プロモカード,98.29,Espeon - 066/SV-P
en,svp-053,Mew ex,SVP Black Star Promos,95.74,Mew ex - 053
en,smp-SM163,Mimikyu,SM Black Star Promos,95.46,Mimikyu - SM163
ja,SV-P-064,サンダース,スカーレット&バイオレット プロモカード,94.53,Jolteon - 064/SV-P
ja,SV-P-063,シャワーズ,スカーレット&バイオレット プロモカード,93.15,Vaporeon - 063/SV-P
ja,SV-P-070,ニンフィア,スカーレット&バイオレット プロモカード,91.57,Sylveon - 070/SV-P
en,smp-SM82,Shining Lugia,SM Black Star Promos,91.34,Shining Lugia - SM82
ja,SV-P-049,コライドン,スカーレット&バイオレット プロモカード,90.07,Koraidon - 049/SV-P
en,smp-SM176,Eevee GX,SM Black Star Promos,87.44,Eevee GX - SM176
en,smp-SM242,Eevee GX,SM Black Star Promos,87.44,Eevee GX - SM242
en,smp-SM233,Eevee GX,SM Black Star Promos,87.44,Eevee GX - SM233
en,smp-SM175,Eevee GX,SM Black Star Promos,87.44,Eevee GX - SM175
en,smp-SM174,Eevee GX,SM Black Star Promos,87.44,Eevee GX - SM174
en,svp-190,Pikachu,SVP Black Star Promos,85.38,Pikachu - 190
ja,SV-P-069,グレイシア,スカーレット&バイオレット プロモカード,82.72,Glaceon - 069/SV-P
ja,SV-P-074,ピカチュウ,スカーレット&バイオレット プロモカード,82.07,Pikachu - 074/SV-P
en,smp-SM195,Charizard GX,SM Black Star Promos,81.61,Charizard GX - SM195
ja,SV-P-065,ブースター,スカーレット&バイオレット プロモカード,81.5,Flareon - 065/SV-P
ja,SV-P-192,ニャース,スカーレット&バイオレット プロモカード,80.93,Meowth
en,swshp-SWSH179,Flareon V,SWSH Black Star Promos,77.02,Flareon V - SWSH179
en,swshp-SWSH183,Jolteon V,SWSH Black Star Promos,76.28,Jolteon V - SWSH183
ja,SV-P-260,トウホクのピカチュウ,スカーレット&バイオレット プロモカード,72.51,Tohoku's Pikachu - 260/SV-P
ja,SV-P-068,リーフィア,スカーレット&バイオレット プロモカード,66.2,Leafeon - 068/SV-P
ja,SV-P-068,リーフィア,スカーレット&バイオレット プロモカード,65.0,Leafeon - 068/SV-P
en,smp-SM230,Charizard & Braixen GX,SM Black Star Promos,64.82,Charizard & Braixen GX - SM230
en,smp-SM129,Kyogre,SM Black Star Promos,64.5,Kyogre - SM129 (Prerelease) [Staff] | Kyogre - SM129 (Prerelease)
en,swshp-SWSH262,Charizard VSTAR,SWSH Black Star Promos,64.12,Charizard VSTAR - SWSH262
en,smp-SM98,Pikachu,SM Black Star Promos,63.51,Pikachu - SM98
en,svp-052,Mewtwo,SVP Black Star Promos,60.32,Mewtwo - 052
ja,SV-P-218,ピカチュウ,スカーレット&バイオレット プロモカード,57.14,Pikachu - 218/SV-P
en,smp-SM170,Detective Pikachu,SM Black Star Promos,55.12,Detective Pikachu - SM170 | Detective Pikachu - SM170 (Stamped)
ja,SV-P-108,サンダーex,スカーレット&バイオレット プロモカード,53.77,Zapdos ex - 108/SV-P
en,smp-SM36,Umbreon GX,SM Black Star Promos,53.54,Umbreon GX - SM36
en,smp-SM192,Lucario & Melmetal GX,SM Black Star Promos,52.98,Lucario & Melmetal GX - SM192
en,smp-SM149,Suicune,SM Black Star Promos,52.89,Suicune - SM149 (Prerelease) | Suicune - SM149 (Prerelease) [Staff]
en,smp-SM99,Mimikyu,SM Black Star Promos,52.85,Mimikyu - SM99
en,smp-SM79,Shining Celebi,SM Black Star Promos,52.01,Shining Celebi - SM79
en,swshp-SWSH260,Charizard V,SWSH Black Star Promos,51.24,Charizard V - SWSH260
en,swshp-SWSH180,Flareon VMAX,SWSH Black Star Promos,50.4,Flareon VMAX - SWSH180
en,svp-044,Charmander,SVP Black Star Promos,48.97,Charmander - 044 | Charmander - 044 (Pokemon Center Exclusive)
en,smp-SM86,Pikachu,SM Black Star Promos,47.43,Pikachu - SM86
en,smp-SM10,Shiinotic,SM Black Star Promos,46.8,Shiinotic - SM10 (Prerelease) [Staff] | Shiinotic - SM10 (Prerelease)
en,smp-SM72,Alolan Raichu,SM Black Star Promos,46.7,Alolan Raichu - SM72 (Prerelease) | Alolan Raichu - SM72 (Prerelease) [Staff]
en,smp-SM191,Mewtwo & Mew GX,SM Black Star Promos,46.17,Mewtwo & Mew GX - SM191
en,svp-131,Kingdra ex,SVP Black Star Promos,45.52,Kingdra ex - 131
en,smp-SM70,Shining Ho-Oh,SM Black Star Promos,45.4,Shining Ho-Oh - SM70
en,smp-SM150,Raikou,SM Black Star Promos,44.67,Raikou - SM150 (Prerelease) | Raikou - SM150 (Prerelease) (Staff)
en,mep-023,Mega Charizard X ex,MEP Black Star Promos,44.57,Mega Charizard X ex - 023
en,smp-SM151,Giratina,SM Black Star Promos,43.39,Giratina - SM151 (Prerelease) [Staff] | Giratina - SM151 (Prerelease)
en,smp-SM82,Shining Lugia,SM Black Star Promos,41.96,Shining Lugia - SM82
en,smp-SM197,Greninja GX,SM Black Star Promos,40.94,Greninja GX - SM197
ja,SV-P-001,ピカチュウ,スカーレット&バイオレット プロモカード,39.78,Pikachu - 001/SV-P
ja,SV-P-197,ピカチュウ,スカーレット&バイオレット プロモカード,38.52,Pikachu - 197/SV-P
ja,SV-P-119,ラティアス,スカーレット&バイオレット プロモカード,38.51,Latias - 119/SV-P
ja,M-P-020,ピカチュウ,メガ プロモカード,38.4,Pikachu - 020/M-P
en,smp-SM95,Lucario,SM Black Star Promos,38.37,Lucario - SM95 (Prerelease) | Lucario - SM95 (Prerelease) [Staff]
ja,SV-P-071,モクロー,スカーレット&バイオレット プロモカード,38.31,Rowlet - 071/SV-P
ja,SV-P-254,ヒビキのホウオウex,スカーレット&バイオレット プロモカード,38.28,
en,swshp-SWSH261,Charizard VMAX,SWSH Black Star Promos,38.02,Charizard VMAX - SWSH261
en,svp-132,Greninja ex,SVP Black Star Promos,37.87,Greninja ex - 132
en,smp-SM206,Pikachu,SM Black Star Promos,37.21,Pikachu - SM206
en,smp-SM161,Jirachi,SM Black Star Promos,36.89,Jirachi - SM161 [Staff] | Jirachi - SM161
en,swshp-SWSH076,Zacian V,SWSH Black Star Promos,36.23,Zacian V - SWSH076
en,smp-SM76,Pikachu,SM Black Star Promos,34.65,Pikachu - SM76
en,smp-SM04,Pikachu,SM Black Star Promos,34.65,Pikachu - SM04 | Pikachu - SM04 (Target Non-Holo)
en,smp-SM81,Pikachu,SM Black Star Promos,34.65,Pikachu - SM81
en,smp-SM156,Dragonite GX,SM Black Star Promos,34.36,Dragonite GX - SM156
en,swshp-SWSH077,Zamazenta V,SWSH Black Star Promos,34.17,Zamazenta V - SWSH077
en,smp-SM70,Shining Ho-Oh,SM Black Star Promos,33.89,Shining Ho-Oh - SM70
en,mep-027,Haunter,MEP Black Star Promos,33.12,Haunter  - 027
en,smp-SM13,Oranguru,SM Black Star Promos,32.13,Oranguru - SM13 (Prerelease) [Staff] | Oranguru - SM13 (Prerelease)
en,svp-176,Umbreon ex,SVP Black Star Promos,31.8,Umbreon ex - 176
en,mep-038,Charmander,MEP Black Star Promos,31.46,Charmander - 038
en,svp-206,Marnie's Morpeko,SVP Black Star Promos,31.11,Marnie's Morpeko
en,smp-SM156,Dragonite GX,SM Black Star Promos,30.91,Dragonite GX - SM156
en,smp-SM159,Zapdos,SM Black Star Promos,30.85,Zapdos - SM159 (Prerelease) [Staff] | Zapdos - SM159 (Prerelease)
ja,SV-P-242,ピカチュウ,スカーレット&バイオレット プロモカード,30.62,Pikachu - 242
en,swshp-SWSH020,Pikachu,SWSH Black Star Promos,29.71,Pikachu - SWSH020
en,mep-039,Squirtle,MEP Black Star Promos,29.64,Squirtle - 039
en,svp-088,Pikachu,SVP Black Star Promos,29.63,Pikachu - 088
en,smp-SM108,Ash's Pikachu,SM Black Star Promos,29.16,Ash's Pikachu - SM108
ja,M-P-054,デデンネGX,メガ プロモカード,29.13,Dedenne GX - 054/M-P
ja,SV-P-255,シロナのガブリアスex,スカーレット&バイオレット プロモカード,29.0,Cynthia's Garchomp ex - 255/SV-P
en,smp-SM149,Suicune,SM Black Star Promos,28.68,Suicune - SM149 (Prerelease) | Suicune - SM149 (Prerelease) [Staff]
en,smp-SM19,Oricorio,SM Black Star Promos,28.54,Oricorio - SM19 (Prerelease) [Staff] | Oricorio - SM19 (Prerelease)
en,smp-SM75,Registeel,SM Black Star Promos,27.59,Registeel - SM75 (Prerelease) | Registeel - SM75 (Prerelease) [Staff]
en,smp-SM113,Ash's Pikachu,SM Black Star Promos,27.44,Ash's Pikachu - SM113
en,smp-SM60,Charizard GX,SM Black Star Promos,27.32,Charizard GX - SM60
en,mep-037,Bulbasaur,MEP Black Star Promos,27.01,Bulbasaur - 037
en,smp-SM157,Pikachu,SM Black Star Promos,26.8,Pikachu - SM157
en,smp-SM141,White Kyurem GX,SM Black Star Promos,26.45,White Kyurem GX - SM141
en,smp-SM110,Ash's Pikachu,SM Black Star Promos,25.44,Ash's Pikachu - SM110
en,smp-SM74,Regirock,SM Black Star Promos,25.2,Regirock - SM74 (Prerelease) | Regirock - SM74 (Prerelease) [Staff]
en,smp-SM132,Delcatty,SM Black Star Promos,24.98,Delcatty - SM132 (Prerelease) | Delcatty - SM132 (Prerelease) [Staff]
ja,SV-P-210,ハッサムex,スカーレット&バイオレット プロモカード,24.86,Scizor ex - 210/SV-P (Championship Series 2025)
en,smp-SM227,Pikachu,SM Black Star Promos,24.14,Pikachu - SM227
en,smp-SM114,Ash's Pikachu,SM Black Star Promos,23.85,Ash's Pikachu - SM114
en,smp-SM234,Pikachu,SM Black Star Promos,23.82,Pikachu - SM234
en,smp-SM248,Pikachu & Zekrom GX,SM Black Star Promos,23.65,Pikachu & Zekrom GX - SM248
en,smp-SM168,Pikachu & Zekrom GX,SM Black Star Promos,23.65,Pikachu & Zekrom GX
en,smp-SM35,Espeon GX,SM Black Star Promos,23.41,Espeon GX - SM35
en,smp-SM202,Amoonguss,SM Black Star Promos,23.12,Amoonguss - SM202 (Prerelease) [Staff] | Amoonguss - SM202 (Prerelease)
ja,SV-P-134,カイリューEX,スカーレット&バイオレット プロモカード,22.73,Dragonite EX - 134/SV-P
en,smp-SM228,Armored Mewtwo,SM Black Star Promos,22.59,Armored Mewtwo - SM228
en,smp-SM183,Pikachu,SM Black Star Promos,22.5,Pikachu - SM183
en,svp-027,Pikachu,SVP Black Star Promos,22.28,Pikachu - 027 | Pikachu - 027 (Pokemon Center Exclusive)
en,smp-SM79,Shining Celebi,SM Black Star Promos,22.04,Shining Celebi - SM79
en,smp-SM111,Ash's Pikachu,SM Black Star Promos,22.01,Ash's Pikachu - SM111
en,smp-SM215,Mew,SM Black Star Promos,21.89,Mew - SM215
ja,SV-P-259,ロケット団のニャース,スカーレット&バイオレット プロモカード,21.61,Team Rocket's Meowth - 259/SV-P
en,smp-SM60,Charizard GX,SM Black Star Promos,21.57,Charizard GX - SM60
en,smp-SM162,Pikachu,SM Black Star Promos,21.35,Pikachu - SM162
en,smp-SM182,Persian,SM Black Star Promos,21.18,Persian - SM182 (Prerelease) | Persian - SM182 (Prerelease) [Staff]
en,svp-051,Snorlax,SVP Black Star Promos,21.11,Snorlax - 051 | Snorlax - 051 (Pokemon Center Exclusive)
en,smp-SM170,Detective Pikachu,SM Black Star Promos,20.51,Detective Pikachu - SM170 | Detective Pikachu - SM170 (Stamped)
en,smp-SM18,Alolan Sandslash,SM Black Star Promos,20.47,Alolan Sandslash - SM18 (Prerelease) [Staff] | Alolan Sandslash - SM18 (Prerelease)
en,swshp-SWSH291,Lucario VSTAR,SWSH Black Star Promos,20.39,Lucario VSTAR - SWSH291
en,swshp-SWSH204,Arceus V,SWSH Black Star Promos,20.35,Arceus V - SWSH204
en,smp-SM109,Ash's Pikachu,SM Black Star Promos,20.28,Ash's Pikachu - SM109
