pokemon,sovrapprezzo_%,carte,livello_dati,livello_tua_lista,diverso
Umbreon,960.0,32,alto,alto,False
Rayquaza,772.0,18,alto,alto,False
Lugia,711.0,18,alto,alto,False
Gengar,599.0,18,alto,alto,False
Espeon,568.0,22,alto,basso (non in lista),True
Giratina,533.0,8,alto,basso (non in lista),True
Charizard,458.0,65,alto,alto,False
Sylveon,370.0,19,alto,basso (non in lista),True
Togepi,319.0,5,basso,basso (non in lista),False
Pidgeot,300.0,4,basso,basso (non in lista),False
Darkrai,294.0,14,alto,basso (non in lista),True
Bidoof,284.0,3,basso,basso (non in lista),False
Groudon,277.0,3,basso,basso (non in lista),False
Suicune,271.0,11,alto,basso (non in lista),True
Mew,251.0,31,alto,alto,False
Maushold,247.0,5,basso,basso (non in lista),False
Greninja,246.0,27,alto,basso (non in lista),True
Vaporeon,246.0,13,alto,basso (non in lista),True
Mewtwo,240.0,43,alto,alto,False
Leafeon,226.0,20,alto,basso (non in lista),True
Pikachu,221.0,149,alto,alto,False
Magikarp,221.0,11,alto,basso (non in lista),True
Gastly,219.0,3,basso,basso (non in lista),False
Dragonite,214.0,20,alto,basso (non in lista),True
Garchomp,211.0,17,alto,basso (non in lista),True
Arceus,210.0,14,alto,basso (non in lista),True
Gardevoir,203.0,25,alto,basso (non in lista),True
Glaceon,199.0,18,medio,basso (non in lista),True
Mimikyu,198.0,28,medio,basso (non in lista),True
Reshiram,196.0,16,medio,basso (non in lista),True
Flareon,190.0,15,medio,basso (non in lista),True
Ho-Oh,177.0,16,medio,basso (non in lista),True
Jolteon,167.0,13,medio,basso (non in lista),True
Dialga,165.0,9,medio,basso (non in lista),True
Palkia,164.0,13,medio,basso (non in lista),True
Sableye,144.0,4,basso,basso (non in lista),False
Kyogre,138.0,3,basso,basso (non in lista),False
Jirachi,132.0,9,medio,basso (non in lista),True
Tyranitar,127.0,17,medio,basso (non in lista),True
Milotic,125.0,4,basso,basso (non in lista),False
Raikou,123.0,10,medio,basso (non in lista),True
Charmander,118.0,18,medio,basso (non in lista),True
Primarina,115.0,3,basso,basso (non in lista),False
Salamence,114.0,11,medio,basso (non in lista),True
Latias,113.0,15,medio,basso (non in lista),True
Starmie,108.0,4,basso,basso (non in lista),False
Blaziken,106.0,11,medio,basso (non in lista),True
Sawsbuck,106.0,3,basso,basso (non in lista),False
Flaaffy,105.0,4,basso,basso (non in lista),False
Zoroark,102.0,18,medio,basso (non in lista),True
Piplup,101.0,5,basso,basso (non in lista),False
Scizor,100.0,12,medio,basso (non in lista),True
Clefairy,99.0,5,basso,basso (non in lista),False
Celebi,99.0,15,medio,basso (non in lista),True
Blastoise,95.0,18,medio,basso (non in lista),True
Eevee,91.0,55,medio,medio,False
Lucario,89.0,30,medio,basso (non in lista),True
Raging Bolt,86.0,7,basso,basso (non in lista),False
Cleffa,85.0,4,basso,basso (non in lista),False
Typhlosion,83.0,6,basso,basso (non in lista),False
Luxray,81.0,5,basso,basso (non in lista),False
Houndoom,80.0,9,medio,basso (non in lista),True
Oranguru,77.0,5,basso,basso (non in lista),False
Moltres,77.0,25,medio,basso (non in lista),True
Kingdra,76.0,7,basso,basso (non in lista),False
Snorlax,74.0,21,basso,basso (non in lista),False
Deerling,73.0,3,basso,basso (non in lista),False
Psyduck,73.0,10,basso,basso (non in lista),False
Toedscruel,72.0,3,basso,basso (non in lista),False
Lopunny,70.0,4,basso,basso (non in lista),False
Jigglypuff,70.0,3,basso,basso (non in lista),False
Venusaur,69.0,20,basso,basso (non in lista),False
Blissey,68.0,5,basso,basso (non in lista),False
Unown,67.0,3,basso,basso (non in lista),False
Ceruledge,66.0,8,basso,basso (non in lista),False
Marill,64.0,3,basso,basso (non in lista),False
Zekrom,62.0,8,basso,basso (non in lista),False
Charmeleon,62.0,5,basso,basso (non in lista),False
Delcatty,61.0,4,basso,basso (non in lista),False
Infernape,60.0,4,basso,basso (non in lista),False
Raichu,60.0,13,basso,basso (non in lista),False
Metagross,59.0,12,basso,basso (non in lista),False
Octillery,58.0,4,basso,basso (non in lista),False
Chansey,57.0,3,basso,basso (non in lista),False
Sprigatito,57.0,5,basso,basso (non in lista),False
Yveltal,57.0,6,basso,basso (non in lista),False
Crobat,57.0,12,basso,basso (non in lista),False
Grimmsnarl,56.0,6,basso,basso (non in lista),False
Zacian,55.0,19,basso,basso (non in lista),False
Ninetales,55.0,9,basso,basso (non in lista),False
Ivysaur,55.0,3,basso,basso (non in lista),False
Fuecoco,54.0,5,basso,basso (non in lista),False
Roaring Moon,53.0,6,basso,basso (non in lista),False
Amoonguss,53.0,3,basso,basso (non in lista),False
Meganium,51.0,3,basso,basso (non in lista),False
Marshadow,49.0,8,basso,basso (non in lista),False
Victini,49.0,7,basso,basso (non in lista),False
Morpeko,47.0,19,basso,basso (non in lista),False
Turtwig,46.0,3,basso,basso (non in lista),False
Bulbasaur,42.0,18,basso,basso (non in lista),False
Squirtle,42.0,11,basso,basso (non in lista),False
Noivern,41.0,5,basso,basso (non in lista),False
Cinccino,39.0,10,basso,basso (non in lista),False
Entei,38.0,7,basso,basso (non in lista),False
Bellibolt,37.0,7,basso,basso (non in lista),False
Kyurem,37.0,7,basso,basso (non in lista),False
Dubwool,37.0,3,basso,basso (non in lista),False
Feraligatr,35.0,4,basso,basso (non in lista),False
Meowth,33.0,19,basso,basso (non in lista),False
Iron Leaves,33.0,6,basso,basso (non in lista),False
Machamp,33.0,4,basso,basso (non in lista),False
Shiinotic,33.0,3,basso,basso (non in lista),False
Eternatus,32.0,15,basso,basso (non in lista),False
Gouging Fire,32.0,6,basso,basso (non in lista),False
Slowpoke,31.0,12,basso,basso (non in lista),False
Arctozolt,30.0,4,basso,basso (non in lista),False
Serperior,29.0,9,basso,basso (non in lista),False
Frosmoth,28.0,6,basso,basso (non in lista),False
Lunala,28.0,5,basso,basso (non in lista),False
Rillaboom,28.0,10,basso,basso (non in lista),False
Solgaleo,28.0,9,basso,basso (non in lista),False
Nihilego,28.0,3,basso,basso (non in lista),False
Ponyta,28.0,5,basso,basso (non in lista),False
Zapdos,28.0,18,basso,basso (non in lista),False
Beedrill,27.0,3,basso,basso (non in lista),False
Altaria,26.0,11,basso,basso (non in lista),False
Zamazenta,26.0,9,basso,basso (non in lista),False
Lilligant,25.0,3,basso,basso (non in lista),False
Palafin,25.0,4,basso,basso (non in lista),False
Terrakion,25.0,5,basso,basso (non in lista),False
Incineroar,24.0,7,basso,basso (non in lista),False
Lapras,24.0,15,basso,basso (non in lista),False
Delphox,22.0,4,basso,basso (non in lista),False
Miraidon,22.0,11,basso,basso (non in lista),False
Dragapult,22.0,9,basso,basso (non in lista),False
Ralts,22.0,3,basso,basso (non in lista),False
Gyarados,22.0,8,basso,basso (non in lista),False
Koraidon,21.0,12,basso,basso (non in lista),False
Iron Moth,20.0,3,basso,basso (non in lista),False
Nidoking,19.0,5,basso,basso (non in lista),False
Zorua,17.0,10,basso,basso (non in lista),False
Treecko,17.0,4,basso,basso (non in lista),False
Riolu,17.0,10,basso,basso (non in lista),False
Meowscarada,16.0,4,basso,basso (non in lista),False
Torkoal,16.0,3,basso,basso (non in lista),False
Decidueye,16.0,11,basso,basso (non in lista),False
Iron Crown,16.0,6,basso,basso (non in lista),False
Arcanine,15.0,4,basso,basso (non in lista),False
Chikorita,15.0,3,basso,basso (non in lista),False
Cinderace,15.0,6,basso,basso (non in lista),False
Zeraora,14.0,17,basso,basso (non in lista),False
Horsea,14.0,3,basso,basso (non in lista),False
Coalossal,14.0,7,basso,basso (non in lista),False
Ursaluna,13.0,7,basso,basso (non in lista),False
Zygarde,12.0,9,basso,basso (non in lista),False
Hydreigon,12.0,6,basso,basso (non in lista),False
Malamar,12.0,5,basso,basso (non in lista),False
Pheromosa,12.0,9,basso,basso (non in lista),False
Sobble,11.0,5,basso,basso (non in lista),False
Deoxys,11.0,10,basso,basso (non in lista),False
Lumineon,11.0,3,basso,basso (non in lista),False
Passimian,10.0,3,basso,basso (non in lista),False
Alakazam,10.0,9,basso,basso (non in lista),False
Obstagoon,10.0,3,basso,basso (non in lista),False
Aerodactyl,10.0,6,basso,basso (non in lista),False
Corviknight,9.0,7,basso,basso (non in lista),False
Duraludon,8.0,10,basso,basso (non in lista),False
Donphan,7.0,3,basso,basso (non in lista),False
Duskull,7.0,4,basso,basso (non in lista),False
Articuno,7.0,17,basso,basso (non in lista),False
Thwackey,6.0,4,basso,basso (non in lista),False
Lunatone,6.0,4,basso,basso (non in lista),False
Baxcalibur,6.0,4,basso,basso (non in lista),False
Kirlia,5.0,4,basso,basso (non in lista),False
Bronzong,4.0,4,basso,basso (non in lista),False
Xerneas,4.0,6,basso,basso (non in lista),False
Terapagos,3.0,8,basso,basso (non in lista),False
Stakataka,2.0,7,basso,basso (non in lista),False
Seviper,2.0,3,basso,basso (non in lista),False
Ditto,2.0,8,basso,medio,True
Steelix,2.0,5,basso,basso (non in lista),False
Minccino,1.0,5,basso,basso (non in lista),False
Walking Wake,1.0,6,basso,basso (non in lista),False
Trevenant,1.0,7,basso,basso (non in lista),False
Drakloak,-0.0,3,basso,basso (non in lista),False
Banette,-0.0,6,basso,basso (non in lista),False
Simisear,0.0,3,basso,basso (non in lista),False
Muk,0.0,6,basso,basso (non in lista),False
Toxtricity,-1.0,9,basso,basso (non in lista),False
Dedenne,-1.0,10,basso,basso (non in lista),False
Iron Boulder,-2.0,4,basso,basso (non in lista),False
Dachsbun,-2.0,3,basso,basso (non in lista),False
Fezandipiti,-3.0,5,basso,basso (non in lista),False
Metang,-3.0,3,basso,basso (non in lista),False
Greedent,-4.0,8,basso,basso (non in lista),False
Tinkaton,-4.0,7,basso,basso (non in lista),False
Salazzle,-4.0,4,basso,basso (non in lista),False
Samurott,-4.0,9,basso,basso (non in lista),False
Rotom,-4.0,7,basso,basso (non in lista),False
Sneasel,-4.0,3,basso,basso (non in lista),False
Cresselia,-5.0,4,basso,basso (non in lista),False
Drampa,-5.0,8,basso,basso (non in lista),False
Froslass,-5.0,7,basso,basso (non in lista),False
Grookey,-5.0,5,basso,basso (non in lista),False
Popplio,-5.0,3,basso,basso (non in lista),False
Vulpix,-6.0,4,basso,basso (non in lista),False
Calyrex,-6.0,20,basso,basso (non in lista),False
Pachirisu,-6.0,3,basso,basso (non in lista),False
Litten,-6.0,4,basso,basso (non in lista),False
Rowlet,-7.0,12,basso,basso (non in lista),False
Latios,-7.0,7,basso,basso (non in lista),False
Orbeetle,-7.0,7,basso,basso (non in lista),False
Guzzlord,-7.0,5,basso,basso (non in lista),False
Archaludon,-8.0,5,basso,basso (non in lista),False
Sudowoodo,-8.0,3,basso,basso (non in lista),False
Skeledirge,-9.0,4,basso,basso (non in lista),False
Magneton,-9.0,6,basso,basso (non in lista),False
Rapidash,-9.0,8,basso,basso (non in lista),False
Tatsugiri,-10.0,7,basso,basso (non in lista),False
Boltund,-10.0,6,basso,basso (non in lista),False
Inteleon,-11.0,9,basso,basso (non in lista),False
Druddigon,-12.0,3,basso,basso (non in lista),False
Buzzwole,-12.0,8,basso,basso (non in lista),False
Aipom,-13.0,3,basso,basso (non in lista),False
Golurk,-14.0,6,basso,basso (non in lista),False
Perrserker,-14.0,9,basso,basso (non in lista),False
Scrafty,-15.0,3,basso,basso (non in lista),False
Centiskorch,-15.0,10,basso,basso (non in lista),False
Swablu,-15.0,6,basso,basso (non in lista),False
Darmanitan,-15.0,6,basso,basso (non in lista),False
Scream Tail,-16.0,3,basso,basso (non in lista),False
Ribombee,-16.0,3,basso,basso (non in lista),False
Vileplume,-16.0,5,basso,basso (non in lista),False
Chi-Yu,-16.0,6,basso,basso (non in lista),False
Wooper,-17.0,6,basso,basso (non in lista),False
Necrozma,-17.0,13,basso,basso (non in lista),False
Lycanroc,-17.0,10,basso,basso (non in lista),False
Blacephalon,-17.0,4,basso,basso (non in lista),False
Quaquaval,-18.0,5,basso,basso (non in lista),False
Copperajah,-18.0,3,basso,basso (non in lista),False
Kartana,-18.0,5,basso,basso (non in lista),False
Iron Valiant,-18.0,6,basso,basso (non in lista),False
Naganadel,-18.0,11,basso,basso (non in lista),False
Phione,-19.0,4,basso,basso (non in lista),False
Ducklett,-20.0,3,basso,basso (non in lista),False
Chien-Pao,-20.0,8,basso,basso (non in lista),False
Absol,-20.0,3,basso,basso (non in lista),False
Froakie,-20.0,5,basso,basso (non in lista),False
Flapple,-20.0,11,basso,basso (non in lista),False
Wobbuffet,-21.0,4,basso,basso (non in lista),False
Golisopod,-21.0,8,basso,basso (non in lista),False
Mudsdale,-22.0,3,basso,basso (non in lista),False
Applin,-22.0,4,basso,basso (non in lista),False
Genesect,-22.0,12,basso,basso (non in lista),False
Tinkatuff,-22.0,3,basso,basso (non in lista),False
Tapu Lele,-22.0,6,basso,basso (non in lista),False
Keldeo,-23.0,6,basso,basso (non in lista),False
Oricorio,-23.0,8,basso,basso (non in lista),False
Joltik,-24.0,4,basso,basso (non in lista),False
Scorbunny,-24.0,6,basso,basso (non in lista),False
Celesteela,-24.0,8,basso,basso (non in lista),False
Ampharos,-24.0,8,basso,basso (non in lista),False
Xurkitree,-25.0,7,basso,basso (non in lista),False
Gholdengo,-25.0,4,basso,basso (non in lista),False
Chandelure,-26.0,9,basso,basso (non in lista),False
Mr. Mime,-27.0,5,basso,basso (non in lista),False
Mawile,-27.0,8,basso,basso (non in lista),False
Aegislash,-27.0,5,basso,basso (non in lista),False
Cobalion,-27.0,3,basso,basso (non in lista),False
Fennekin,-27.0,4,basso,basso (non in lista),False
Ogerpon,-28.0,28,basso,basso (non in lista),False
Virizion,-28.0,3,basso,basso (non in lista),False
Gloom,-28.0,3,basso,basso (non in lista),False
Silvally,-29.0,8,basso,basso (non in lista),False
Raboot,-29.0,4,basso,basso (non in lista),False
Togekiss,-29.0,5,basso,basso (non in lista),False
Dreepy,-30.0,3,basso,basso (non in lista),False
Shaymin,-30.0,4,basso,basso (non in lista),False
Pidgey,-30.0,4,basso,basso (non in lista),False
Ledian,-30.0,3,basso,basso (non in lista),False
Flygon,-31.0,6,basso,basso (non in lista),False
Volcanion,-31.0,6,basso,basso (non in lista),False
Alcremie,-31.0,3,basso,basso (non in lista),False
Hoopa,-31.0,4,basso,basso (non in lista),False
Eelektross,-31.0,3,basso,basso (non in lista),False
Shiftry,-31.0,3,basso,basso (non in lista),False
Tornadus,-32.0,8,basso,basso (non in lista),False
Wooloo,-32.0,3,basso,basso (non in lista),False
Kilowattrel,-32.0,3,basso,basso (non in lista),False
Koffing,-33.0,4,basso,basso (non in lista),False
Noctowl,-33.0,3,basso,basso (non in lista),False
Urshifu,-33.0,28,basso,basso (non in lista),False
Snom,-33.0,3,basso,basso (non in lista),False
Tangela,-33.0,3,basso,basso (non in lista),False
Magcargo,-33.0,3,basso,basso (non in lista),False
Enamorus,-33.0,4,basso,basso (non in lista),False
Cufant,-33.0,3,basso,basso (non in lista),False
Melmetal,-34.0,6,basso,basso (non in lista),False
Kangaskhan,-34.0,12,basso,basso (non in lista),False
Garbodor,-34.0,7,basso,basso (non in lista),False
Hawlucha,-34.0,5,basso,basso (non in lista),False
Galvantula,-34.0,3,basso,basso (non in lista),False
Indeedee,-35.0,4,basso,basso (non in lista),False
Sandslash,-35.0,5,basso,basso (non in lista),False
Gallade,-35.0,4,basso,basso (non in lista),False
Dracozolt,-35.0,3,basso,basso (non in lista),False
Slowbro,-35.0,6,basso,basso (non in lista),False
Rookidee,-35.0,3,basso,basso (non in lista),False
Darumaka,-35.0,3,basso,basso (non in lista),False
Pecharunt,-35.0,7,basso,basso (non in lista),False
Milcery,-36.0,4,basso,basso (non in lista),False
Gumshoos,-36.0,4,basso,basso (non in lista),False
Durant,-37.0,3,basso,basso (non in lista),False
Spiritomb,-37.0,4,basso,basso (non in lista),False
Appletun,-37.0,3,basso,basso (non in lista),False
Sandaconda,-38.0,6,basso,basso (non in lista),False
Thundurus,-38.0,3,basso,basso (non in lista),False
Porygon-Z,-38.0,3,basso,basso (non in lista),False
Bunnelby,-38.0,3,basso,basso (non in lista),False
Volcarona,-38.0,3,basso,basso (non in lista),False
Crabominable,-38.0,4,basso,basso (non in lista),False
Wo-Chien,-38.0,4,basso,basso (non in lista),False
Exeggutor,-38.0,8,basso,basso (non in lista),False
Tapu Koko,-39.0,9,basso,basso (non in lista),False
Goodra,-39.0,4,basso,basso (non in lista),False
Kricketune,-40.0,3,basso,basso (non in lista),False
Scyther,-40.0,3,basso,basso (non in lista),False
Persian,-40.0,9,basso,basso (non in lista),False
Drapion,-41.0,3,basso,basso (non in lista),False
Frogadier,-42.0,3,basso,basso (non in lista),False
Iron Bundle,-42.0,3,basso,basso (non in lista),False
Shuckle,-42.0,3,basso,basso (non in lista),False
Magnezone,-43.0,4,basso,basso (non in lista),False
Turtonator,-43.0,3,basso,basso (non in lista),False
Vanillish,-43.0,3,basso,basso (non in lista),False
Drifblim,-44.0,3,basso,basso (non in lista),False
Weavile,-45.0,6,basso,basso (non in lista),False
Tauros,-45.0,6,basso,basso (non in lista),False
Noibat,-45.0,3,basso,basso (non in lista),False
Electrode,-46.0,5,basso,basso (non in lista),False
Regidrago,-46.0,3,basso,basso (non in lista),False
Munkidori,-47.0,4,basso,basso (non in lista),False
Houndour,-47.0,3,basso,basso (non in lista),False
Growlithe,-47.0,4,basso,basso (non in lista),False
Wattrel,-47.0,3,basso,basso (non in lista),False
Bouffalant,-48.0,3,basso,basso (non in lista),False
Dugtrio,-48.0,3,basso,basso (non in lista),False
Eiscue,-48.0,6,basso,basso (non in lista),False
Murkrow,-49.0,4,basso,basso (non in lista),False
Charcadet,-49.0,5,basso,basso (non in lista),False
Hatterene,-49.0,3,basso,basso (non in lista),False
Weezing,-51.0,4,basso,basso (non in lista),False
Wigglytuff,-51.0,4,basso,basso (non in lista),False
Iron Hands,-52.0,4,basso,basso (non in lista),False
Wishiwashi,-53.0,8,basso,basso (non in lista),False
Golem,-53.0,3,basso,basso (non in lista),False
Revavroom,-53.0,3,basso,basso (non in lista),False
Diancie,-54.0,6,basso,basso (non in lista),False
Sigilyph,-54.0,3,basso,basso (non in lista),False
Ting-Lu,-54.0,5,basso,basso (non in lista),False
Tapu Fini,-55.0,5,basso,basso (non in lista),False
Gimmighoul,-56.0,3,basso,basso (non in lista),False
Whimsicott,-56.0,5,basso,basso (non in lista),False
Braviary,-56.0,3,basso,basso (non in lista),False
Honchkrow,-57.0,3,basso,basso (non in lista),False
Okidogi,-57.0,3,basso,basso (non in lista),False
Stoutland,-57.0,4,basso,basso (non in lista),False
Excadrill,-58.0,4,basso,basso (non in lista),False
Floette,-60.0,3,basso,basso (non in lista),False
Sandy Shocks,-61.0,4,basso,basso (non in lista),False
Voltorb,-63.0,3,basso,basso (non in lista),False
Heatran,-65.0,5,basso,basso (non in lista),False
